--
-- PostgreSQL database dump
--

-- Dumped from database version 14.2
-- Dumped by pg_dump version 14.2

SET statement_timeout = 0;
SET lock_timeout = 0;
SET idle_in_transaction_session_timeout = 0;
SET client_encoding = 'UTF8';
SET standard_conforming_strings = on;
SELECT pg_catalog.set_config('search_path', '', false);
SET check_function_bodies = false;
SET xmloption = content;
SET client_min_messages = warning;
SET row_security = off;

ALTER TABLE IF EXISTS ONLY public.up_users DROP CONSTRAINT IF EXISTS up_users_updated_by_id_fk;
ALTER TABLE IF EXISTS ONLY public.up_users_role_links DROP CONSTRAINT IF EXISTS up_users_role_links_inv_fk;
ALTER TABLE IF EXISTS ONLY public.up_users_role_links DROP CONSTRAINT IF EXISTS up_users_role_links_fk;
ALTER TABLE IF EXISTS ONLY public.up_users DROP CONSTRAINT IF EXISTS up_users_created_by_id_fk;
ALTER TABLE IF EXISTS ONLY public.up_roles DROP CONSTRAINT IF EXISTS up_roles_updated_by_id_fk;
ALTER TABLE IF EXISTS ONLY public.up_roles DROP CONSTRAINT IF EXISTS up_roles_created_by_id_fk;
ALTER TABLE IF EXISTS ONLY public.up_permissions DROP CONSTRAINT IF EXISTS up_permissions_updated_by_id_fk;
ALTER TABLE IF EXISTS ONLY public.up_permissions_role_links DROP CONSTRAINT IF EXISTS up_permissions_role_links_inv_fk;
ALTER TABLE IF EXISTS ONLY public.up_permissions_role_links DROP CONSTRAINT IF EXISTS up_permissions_role_links_fk;
ALTER TABLE IF EXISTS ONLY public.up_permissions DROP CONSTRAINT IF EXISTS up_permissions_created_by_id_fk;
ALTER TABLE IF EXISTS ONLY public.strapi_api_tokens DROP CONSTRAINT IF EXISTS strapi_api_tokens_updated_by_id_fk;
ALTER TABLE IF EXISTS ONLY public.strapi_api_tokens DROP CONSTRAINT IF EXISTS strapi_api_tokens_created_by_id_fk;
ALTER TABLE IF EXISTS ONLY public.landing_pages DROP CONSTRAINT IF EXISTS landing_pages_updated_by_id_fk;
ALTER TABLE IF EXISTS ONLY public.landing_pages_components DROP CONSTRAINT IF EXISTS landing_pages_entity_fk;
ALTER TABLE IF EXISTS ONLY public.landing_pages DROP CONSTRAINT IF EXISTS landing_pages_created_by_id_fk;
ALTER TABLE IF EXISTS ONLY public.i18n_locale DROP CONSTRAINT IF EXISTS i18n_locale_updated_by_id_fk;
ALTER TABLE IF EXISTS ONLY public.i18n_locale DROP CONSTRAINT IF EXISTS i18n_locale_created_by_id_fk;
ALTER TABLE IF EXISTS ONLY public.files DROP CONSTRAINT IF EXISTS files_updated_by_id_fk;
ALTER TABLE IF EXISTS ONLY public.files_related_morphs DROP CONSTRAINT IF EXISTS files_related_morphs_fk;
ALTER TABLE IF EXISTS ONLY public.files DROP CONSTRAINT IF EXISTS files_created_by_id_fk;
ALTER TABLE IF EXISTS ONLY public.components_page_teches_components DROP CONSTRAINT IF EXISTS components_page_teches_entity_fk;
ALTER TABLE IF EXISTS ONLY public.components_page_headers_components DROP CONSTRAINT IF EXISTS components_page_headers_entity_fk;
ALTER TABLE IF EXISTS ONLY public.admin_users DROP CONSTRAINT IF EXISTS admin_users_updated_by_id_fk;
ALTER TABLE IF EXISTS ONLY public.admin_users_roles_links DROP CONSTRAINT IF EXISTS admin_users_roles_links_inv_fk;
ALTER TABLE IF EXISTS ONLY public.admin_users_roles_links DROP CONSTRAINT IF EXISTS admin_users_roles_links_fk;
ALTER TABLE IF EXISTS ONLY public.admin_users DROP CONSTRAINT IF EXISTS admin_users_created_by_id_fk;
ALTER TABLE IF EXISTS ONLY public.admin_roles DROP CONSTRAINT IF EXISTS admin_roles_updated_by_id_fk;
ALTER TABLE IF EXISTS ONLY public.admin_roles DROP CONSTRAINT IF EXISTS admin_roles_created_by_id_fk;
ALTER TABLE IF EXISTS ONLY public.admin_permissions DROP CONSTRAINT IF EXISTS admin_permissions_updated_by_id_fk;
ALTER TABLE IF EXISTS ONLY public.admin_permissions_role_links DROP CONSTRAINT IF EXISTS admin_permissions_role_links_inv_fk;
ALTER TABLE IF EXISTS ONLY public.admin_permissions_role_links DROP CONSTRAINT IF EXISTS admin_permissions_role_links_fk;
ALTER TABLE IF EXISTS ONLY public.admin_permissions DROP CONSTRAINT IF EXISTS admin_permissions_created_by_id_fk;
DROP INDEX IF EXISTS public.up_users_updated_by_id_fk;
DROP INDEX IF EXISTS public.up_users_role_links_inv_fk;
DROP INDEX IF EXISTS public.up_users_role_links_fk;
DROP INDEX IF EXISTS public.up_users_created_by_id_fk;
DROP INDEX IF EXISTS public.up_roles_updated_by_id_fk;
DROP INDEX IF EXISTS public.up_roles_created_by_id_fk;
DROP INDEX IF EXISTS public.up_permissions_updated_by_id_fk;
DROP INDEX IF EXISTS public.up_permissions_role_links_inv_fk;
DROP INDEX IF EXISTS public.up_permissions_role_links_fk;
DROP INDEX IF EXISTS public.up_permissions_created_by_id_fk;
DROP INDEX IF EXISTS public.strapi_api_tokens_updated_by_id_fk;
DROP INDEX IF EXISTS public.strapi_api_tokens_created_by_id_fk;
DROP INDEX IF EXISTS public.landing_pages_updated_by_id_fk;
DROP INDEX IF EXISTS public.landing_pages_field_index;
DROP INDEX IF EXISTS public.landing_pages_entity_fk;
DROP INDEX IF EXISTS public.landing_pages_created_by_id_fk;
DROP INDEX IF EXISTS public.landing_pages_component_type_index;
DROP INDEX IF EXISTS public.i18n_locale_updated_by_id_fk;
DROP INDEX IF EXISTS public.i18n_locale_created_by_id_fk;
DROP INDEX IF EXISTS public.files_updated_by_id_fk;
DROP INDEX IF EXISTS public.files_related_morphs_fk;
DROP INDEX IF EXISTS public.files_created_by_id_fk;
DROP INDEX IF EXISTS public.components_page_teches_field_index;
DROP INDEX IF EXISTS public.components_page_teches_entity_fk;
DROP INDEX IF EXISTS public.components_page_teches_component_type_index;
DROP INDEX IF EXISTS public.components_page_headers_field_index;
DROP INDEX IF EXISTS public.components_page_headers_entity_fk;
DROP INDEX IF EXISTS public.components_page_headers_component_type_index;
DROP INDEX IF EXISTS public.admin_users_updated_by_id_fk;
DROP INDEX IF EXISTS public.admin_users_roles_links_inv_fk;
DROP INDEX IF EXISTS public.admin_users_roles_links_fk;
DROP INDEX IF EXISTS public.admin_users_created_by_id_fk;
DROP INDEX IF EXISTS public.admin_roles_updated_by_id_fk;
DROP INDEX IF EXISTS public.admin_roles_created_by_id_fk;
DROP INDEX IF EXISTS public.admin_permissions_updated_by_id_fk;
DROP INDEX IF EXISTS public.admin_permissions_role_links_inv_fk;
DROP INDEX IF EXISTS public.admin_permissions_role_links_fk;
DROP INDEX IF EXISTS public.admin_permissions_created_by_id_fk;
ALTER TABLE IF EXISTS ONLY public.up_users DROP CONSTRAINT IF EXISTS up_users_pkey;
ALTER TABLE IF EXISTS ONLY public.up_roles DROP CONSTRAINT IF EXISTS up_roles_pkey;
ALTER TABLE IF EXISTS ONLY public.up_permissions DROP CONSTRAINT IF EXISTS up_permissions_pkey;
ALTER TABLE IF EXISTS ONLY public.strapi_webhooks DROP CONSTRAINT IF EXISTS strapi_webhooks_pkey;
ALTER TABLE IF EXISTS ONLY public.strapi_migrations DROP CONSTRAINT IF EXISTS strapi_migrations_pkey;
ALTER TABLE IF EXISTS ONLY public.strapi_database_schema DROP CONSTRAINT IF EXISTS strapi_database_schema_pkey;
ALTER TABLE IF EXISTS ONLY public.strapi_core_store_settings DROP CONSTRAINT IF EXISTS strapi_core_store_settings_pkey;
ALTER TABLE IF EXISTS ONLY public.strapi_api_tokens DROP CONSTRAINT IF EXISTS strapi_api_tokens_pkey;
ALTER TABLE IF EXISTS ONLY public.landing_pages DROP CONSTRAINT IF EXISTS landing_pages_pkey;
ALTER TABLE IF EXISTS ONLY public.landing_pages_components DROP CONSTRAINT IF EXISTS landing_pages_components_pkey;
ALTER TABLE IF EXISTS ONLY public.i18n_locale DROP CONSTRAINT IF EXISTS i18n_locale_pkey;
ALTER TABLE IF EXISTS ONLY public.files DROP CONSTRAINT IF EXISTS files_pkey;
ALTER TABLE IF EXISTS ONLY public.components_page_teches DROP CONSTRAINT IF EXISTS components_page_teches_pkey;
ALTER TABLE IF EXISTS ONLY public.components_page_teches_components DROP CONSTRAINT IF EXISTS components_page_teches_components_pkey;
ALTER TABLE IF EXISTS ONLY public.components_page_tech_icons DROP CONSTRAINT IF EXISTS components_page_tech_icons_pkey;
ALTER TABLE IF EXISTS ONLY public.components_page_headers DROP CONSTRAINT IF EXISTS components_page_headers_pkey;
ALTER TABLE IF EXISTS ONLY public.components_page_headers_components DROP CONSTRAINT IF EXISTS components_page_headers_components_pkey;
ALTER TABLE IF EXISTS ONLY public.components_page_buttons DROP CONSTRAINT IF EXISTS components_page_buttons_pkey;
ALTER TABLE IF EXISTS ONLY public.components_page_abouts DROP CONSTRAINT IF EXISTS components_page_abouts_pkey;
ALTER TABLE IF EXISTS ONLY public.admin_users DROP CONSTRAINT IF EXISTS admin_users_pkey;
ALTER TABLE IF EXISTS ONLY public.admin_roles DROP CONSTRAINT IF EXISTS admin_roles_pkey;
ALTER TABLE IF EXISTS ONLY public.admin_permissions DROP CONSTRAINT IF EXISTS admin_permissions_pkey;
ALTER TABLE IF EXISTS public.up_users ALTER COLUMN id DROP DEFAULT;
ALTER TABLE IF EXISTS public.up_roles ALTER COLUMN id DROP DEFAULT;
ALTER TABLE IF EXISTS public.up_permissions ALTER COLUMN id DROP DEFAULT;
ALTER TABLE IF EXISTS public.strapi_webhooks ALTER COLUMN id DROP DEFAULT;
ALTER TABLE IF EXISTS public.strapi_migrations ALTER COLUMN id DROP DEFAULT;
ALTER TABLE IF EXISTS public.strapi_database_schema ALTER COLUMN id DROP DEFAULT;
ALTER TABLE IF EXISTS public.strapi_core_store_settings ALTER COLUMN id DROP DEFAULT;
ALTER TABLE IF EXISTS public.strapi_api_tokens ALTER COLUMN id DROP DEFAULT;
ALTER TABLE IF EXISTS public.landing_pages_components ALTER COLUMN id DROP DEFAULT;
ALTER TABLE IF EXISTS public.landing_pages ALTER COLUMN id DROP DEFAULT;
ALTER TABLE IF EXISTS public.i18n_locale ALTER COLUMN id DROP DEFAULT;
ALTER TABLE IF EXISTS public.files ALTER COLUMN id DROP DEFAULT;
ALTER TABLE IF EXISTS public.components_page_teches_components ALTER COLUMN id DROP DEFAULT;
ALTER TABLE IF EXISTS public.components_page_teches ALTER COLUMN id DROP DEFAULT;
ALTER TABLE IF EXISTS public.components_page_tech_icons ALTER COLUMN id DROP DEFAULT;
ALTER TABLE IF EXISTS public.components_page_headers_components ALTER COLUMN id DROP DEFAULT;
ALTER TABLE IF EXISTS public.components_page_headers ALTER COLUMN id DROP DEFAULT;
ALTER TABLE IF EXISTS public.components_page_buttons ALTER COLUMN id DROP DEFAULT;
ALTER TABLE IF EXISTS public.components_page_abouts ALTER COLUMN id DROP DEFAULT;
ALTER TABLE IF EXISTS public.admin_users ALTER COLUMN id DROP DEFAULT;
ALTER TABLE IF EXISTS public.admin_roles ALTER COLUMN id DROP DEFAULT;
ALTER TABLE IF EXISTS public.admin_permissions ALTER COLUMN id DROP DEFAULT;
DROP TABLE IF EXISTS public.up_users_role_links;
DROP SEQUENCE IF EXISTS public.up_users_id_seq;
DROP TABLE IF EXISTS public.up_users;
DROP SEQUENCE IF EXISTS public.up_roles_id_seq;
DROP TABLE IF EXISTS public.up_roles;
DROP TABLE IF EXISTS public.up_permissions_role_links;
DROP SEQUENCE IF EXISTS public.up_permissions_id_seq;
DROP TABLE IF EXISTS public.up_permissions;
DROP SEQUENCE IF EXISTS public.strapi_webhooks_id_seq;
DROP TABLE IF EXISTS public.strapi_webhooks;
DROP SEQUENCE IF EXISTS public.strapi_migrations_id_seq;
DROP TABLE IF EXISTS public.strapi_migrations;
DROP SEQUENCE IF EXISTS public.strapi_database_schema_id_seq;
DROP TABLE IF EXISTS public.strapi_database_schema;
DROP SEQUENCE IF EXISTS public.strapi_core_store_settings_id_seq;
DROP TABLE IF EXISTS public.strapi_core_store_settings;
DROP SEQUENCE IF EXISTS public.strapi_api_tokens_id_seq;
DROP TABLE IF EXISTS public.strapi_api_tokens;
DROP SEQUENCE IF EXISTS public.landing_pages_id_seq;
DROP SEQUENCE IF EXISTS public.landing_pages_components_id_seq;
DROP TABLE IF EXISTS public.landing_pages_components;
DROP TABLE IF EXISTS public.landing_pages;
DROP SEQUENCE IF EXISTS public.i18n_locale_id_seq;
DROP TABLE IF EXISTS public.i18n_locale;
DROP TABLE IF EXISTS public.files_related_morphs;
DROP SEQUENCE IF EXISTS public.files_id_seq;
DROP TABLE IF EXISTS public.files;
DROP SEQUENCE IF EXISTS public.components_page_teches_id_seq;
DROP SEQUENCE IF EXISTS public.components_page_teches_components_id_seq;
DROP TABLE IF EXISTS public.components_page_teches_components;
DROP TABLE IF EXISTS public.components_page_teches;
DROP SEQUENCE IF EXISTS public.components_page_tech_icons_id_seq;
DROP TABLE IF EXISTS public.components_page_tech_icons;
DROP SEQUENCE IF EXISTS public.components_page_headers_id_seq;
DROP SEQUENCE IF EXISTS public.components_page_headers_components_id_seq;
DROP TABLE IF EXISTS public.components_page_headers_components;
DROP TABLE IF EXISTS public.components_page_headers;
DROP SEQUENCE IF EXISTS public.components_page_buttons_id_seq;
DROP TABLE IF EXISTS public.components_page_buttons;
DROP SEQUENCE IF EXISTS public.components_page_abouts_id_seq;
DROP TABLE IF EXISTS public.components_page_abouts;
DROP TABLE IF EXISTS public.admin_users_roles_links;
DROP SEQUENCE IF EXISTS public.admin_users_id_seq;
DROP TABLE IF EXISTS public.admin_users;
DROP SEQUENCE IF EXISTS public.admin_roles_id_seq;
DROP TABLE IF EXISTS public.admin_roles;
DROP TABLE IF EXISTS public.admin_permissions_role_links;
DROP SEQUENCE IF EXISTS public.admin_permissions_id_seq;
DROP TABLE IF EXISTS public.admin_permissions;
SET default_tablespace = '';

SET default_table_access_method = heap;

--
-- Name: admin_permissions; Type: TABLE; Schema: public; Owner: strapi
--

CREATE TABLE public.admin_permissions (
    id integer NOT NULL,
    action character varying(255),
    subject character varying(255),
    properties jsonb,
    conditions jsonb,
    created_at timestamp(6) without time zone,
    updated_at timestamp(6) without time zone,
    created_by_id integer,
    updated_by_id integer
);


ALTER TABLE public.admin_permissions OWNER TO strapi;

--
-- Name: admin_permissions_id_seq; Type: SEQUENCE; Schema: public; Owner: strapi
--

CREATE SEQUENCE public.admin_permissions_id_seq
    AS integer
    START WITH 1
    INCREMENT BY 1
    NO MINVALUE
    NO MAXVALUE
    CACHE 1;


ALTER TABLE public.admin_permissions_id_seq OWNER TO strapi;

--
-- Name: admin_permissions_id_seq; Type: SEQUENCE OWNED BY; Schema: public; Owner: strapi
--

ALTER SEQUENCE public.admin_permissions_id_seq OWNED BY public.admin_permissions.id;


--
-- Name: admin_permissions_role_links; Type: TABLE; Schema: public; Owner: strapi
--

CREATE TABLE public.admin_permissions_role_links (
    permission_id integer,
    role_id integer
);


ALTER TABLE public.admin_permissions_role_links OWNER TO strapi;

--
-- Name: admin_roles; Type: TABLE; Schema: public; Owner: strapi
--

CREATE TABLE public.admin_roles (
    id integer NOT NULL,
    name character varying(255),
    code character varying(255),
    description character varying(255),
    created_at timestamp(6) without time zone,
    updated_at timestamp(6) without time zone,
    created_by_id integer,
    updated_by_id integer
);


ALTER TABLE public.admin_roles OWNER TO strapi;

--
-- Name: admin_roles_id_seq; Type: SEQUENCE; Schema: public; Owner: strapi
--

CREATE SEQUENCE public.admin_roles_id_seq
    AS integer
    START WITH 1
    INCREMENT BY 1
    NO MINVALUE
    NO MAXVALUE
    CACHE 1;


ALTER TABLE public.admin_roles_id_seq OWNER TO strapi;

--
-- Name: admin_roles_id_seq; Type: SEQUENCE OWNED BY; Schema: public; Owner: strapi
--

ALTER SEQUENCE public.admin_roles_id_seq OWNED BY public.admin_roles.id;


--
-- Name: admin_users; Type: TABLE; Schema: public; Owner: strapi
--

CREATE TABLE public.admin_users (
    id integer NOT NULL,
    firstname character varying(255),
    lastname character varying(255),
    username character varying(255),
    email character varying(255),
    password character varying(255),
    reset_password_token character varying(255),
    registration_token character varying(255),
    is_active boolean,
    blocked boolean,
    prefered_language character varying(255),
    created_at timestamp(6) without time zone,
    updated_at timestamp(6) without time zone,
    created_by_id integer,
    updated_by_id integer
);


ALTER TABLE public.admin_users OWNER TO strapi;

--
-- Name: admin_users_id_seq; Type: SEQUENCE; Schema: public; Owner: strapi
--

CREATE SEQUENCE public.admin_users_id_seq
    AS integer
    START WITH 1
    INCREMENT BY 1
    NO MINVALUE
    NO MAXVALUE
    CACHE 1;


ALTER TABLE public.admin_users_id_seq OWNER TO strapi;

--
-- Name: admin_users_id_seq; Type: SEQUENCE OWNED BY; Schema: public; Owner: strapi
--

ALTER SEQUENCE public.admin_users_id_seq OWNED BY public.admin_users.id;


--
-- Name: admin_users_roles_links; Type: TABLE; Schema: public; Owner: strapi
--

CREATE TABLE public.admin_users_roles_links (
    user_id integer,
    role_id integer
);


ALTER TABLE public.admin_users_roles_links OWNER TO strapi;

--
-- Name: components_page_abouts; Type: TABLE; Schema: public; Owner: strapi
--

CREATE TABLE public.components_page_abouts (
    id integer NOT NULL,
    title character varying(255),
    description text
);


ALTER TABLE public.components_page_abouts OWNER TO strapi;

--
-- Name: components_page_abouts_id_seq; Type: SEQUENCE; Schema: public; Owner: strapi
--

CREATE SEQUENCE public.components_page_abouts_id_seq
    AS integer
    START WITH 1
    INCREMENT BY 1
    NO MINVALUE
    NO MAXVALUE
    CACHE 1;


ALTER TABLE public.components_page_abouts_id_seq OWNER TO strapi;

--
-- Name: components_page_abouts_id_seq; Type: SEQUENCE OWNED BY; Schema: public; Owner: strapi
--

ALTER SEQUENCE public.components_page_abouts_id_seq OWNED BY public.components_page_abouts.id;


--
-- Name: components_page_buttons; Type: TABLE; Schema: public; Owner: strapi
--

CREATE TABLE public.components_page_buttons (
    id integer NOT NULL,
    label character varying(255),
    url character varying(255)
);


ALTER TABLE public.components_page_buttons OWNER TO strapi;

--
-- Name: components_page_buttons_id_seq; Type: SEQUENCE; Schema: public; Owner: strapi
--

CREATE SEQUENCE public.components_page_buttons_id_seq
    AS integer
    START WITH 1
    INCREMENT BY 1
    NO MINVALUE
    NO MAXVALUE
    CACHE 1;


ALTER TABLE public.components_page_buttons_id_seq OWNER TO strapi;

--
-- Name: components_page_buttons_id_seq; Type: SEQUENCE OWNED BY; Schema: public; Owner: strapi
--

ALTER SEQUENCE public.components_page_buttons_id_seq OWNED BY public.components_page_buttons.id;


--
-- Name: components_page_headers; Type: TABLE; Schema: public; Owner: strapi
--

CREATE TABLE public.components_page_headers (
    id integer NOT NULL,
    title character varying(255),
    description text
);


ALTER TABLE public.components_page_headers OWNER TO strapi;

--
-- Name: components_page_headers_components; Type: TABLE; Schema: public; Owner: strapi
--

CREATE TABLE public.components_page_headers_components (
    id integer NOT NULL,
    entity_id integer,
    component_id integer,
    component_type character varying(255),
    field character varying(255),
    "order" integer DEFAULT 0
);


ALTER TABLE public.components_page_headers_components OWNER TO strapi;

--
-- Name: components_page_headers_components_id_seq; Type: SEQUENCE; Schema: public; Owner: strapi
--

CREATE SEQUENCE public.components_page_headers_components_id_seq
    AS integer
    START WITH 1
    INCREMENT BY 1
    NO MINVALUE
    NO MAXVALUE
    CACHE 1;


ALTER TABLE public.components_page_headers_components_id_seq OWNER TO strapi;

--
-- Name: components_page_headers_components_id_seq; Type: SEQUENCE OWNED BY; Schema: public; Owner: strapi
--

ALTER SEQUENCE public.components_page_headers_components_id_seq OWNED BY public.components_page_headers_components.id;


--
-- Name: components_page_headers_id_seq; Type: SEQUENCE; Schema: public; Owner: strapi
--

CREATE SEQUENCE public.components_page_headers_id_seq
    AS integer
    START WITH 1
    INCREMENT BY 1
    NO MINVALUE
    NO MAXVALUE
    CACHE 1;


ALTER TABLE public.components_page_headers_id_seq OWNER TO strapi;

--
-- Name: components_page_headers_id_seq; Type: SEQUENCE OWNED BY; Schema: public; Owner: strapi
--

ALTER SEQUENCE public.components_page_headers_id_seq OWNED BY public.components_page_headers.id;


--
-- Name: components_page_tech_icons; Type: TABLE; Schema: public; Owner: strapi
--

CREATE TABLE public.components_page_tech_icons (
    id integer NOT NULL,
    title character varying(255)
);


ALTER TABLE public.components_page_tech_icons OWNER TO strapi;

--
-- Name: components_page_tech_icons_id_seq; Type: SEQUENCE; Schema: public; Owner: strapi
--

CREATE SEQUENCE public.components_page_tech_icons_id_seq
    AS integer
    START WITH 1
    INCREMENT BY 1
    NO MINVALUE
    NO MAXVALUE
    CACHE 1;


ALTER TABLE public.components_page_tech_icons_id_seq OWNER TO strapi;

--
-- Name: components_page_tech_icons_id_seq; Type: SEQUENCE OWNED BY; Schema: public; Owner: strapi
--

ALTER SEQUENCE public.components_page_tech_icons_id_seq OWNED BY public.components_page_tech_icons.id;


--
-- Name: components_page_teches; Type: TABLE; Schema: public; Owner: strapi
--

CREATE TABLE public.components_page_teches (
    id integer NOT NULL,
    title character varying(255)
);


ALTER TABLE public.components_page_teches OWNER TO strapi;

--
-- Name: components_page_teches_components; Type: TABLE; Schema: public; Owner: strapi
--

CREATE TABLE public.components_page_teches_components (
    id integer NOT NULL,
    entity_id integer,
    component_id integer,
    component_type character varying(255),
    field character varying(255),
    "order" integer DEFAULT 0
);


ALTER TABLE public.components_page_teches_components OWNER TO strapi;

--
-- Name: components_page_teches_components_id_seq; Type: SEQUENCE; Schema: public; Owner: strapi
--

CREATE SEQUENCE public.components_page_teches_components_id_seq
    AS integer
    START WITH 1
    INCREMENT BY 1
    NO MINVALUE
    NO MAXVALUE
    CACHE 1;


ALTER TABLE public.components_page_teches_components_id_seq OWNER TO strapi;

--
-- Name: components_page_teches_components_id_seq; Type: SEQUENCE OWNED BY; Schema: public; Owner: strapi
--

ALTER SEQUENCE public.components_page_teches_components_id_seq OWNED BY public.components_page_teches_components.id;


--
-- Name: components_page_teches_id_seq; Type: SEQUENCE; Schema: public; Owner: strapi
--

CREATE SEQUENCE public.components_page_teches_id_seq
    AS integer
    START WITH 1
    INCREMENT BY 1
    NO MINVALUE
    NO MAXVALUE
    CACHE 1;


ALTER TABLE public.components_page_teches_id_seq OWNER TO strapi;

--
-- Name: components_page_teches_id_seq; Type: SEQUENCE OWNED BY; Schema: public; Owner: strapi
--

ALTER SEQUENCE public.components_page_teches_id_seq OWNED BY public.components_page_teches.id;


--
-- Name: files; Type: TABLE; Schema: public; Owner: strapi
--

CREATE TABLE public.files (
    id integer NOT NULL,
    name character varying(255),
    alternative_text character varying(255),
    caption character varying(255),
    width integer,
    height integer,
    formats jsonb,
    hash character varying(255),
    ext character varying(255),
    mime character varying(255),
    size numeric(10,2),
    url character varying(255),
    preview_url character varying(255),
    provider character varying(255),
    provider_metadata jsonb,
    created_at timestamp(6) without time zone,
    updated_at timestamp(6) without time zone,
    created_by_id integer,
    updated_by_id integer
);


ALTER TABLE public.files OWNER TO strapi;

--
-- Name: files_id_seq; Type: SEQUENCE; Schema: public; Owner: strapi
--

CREATE SEQUENCE public.files_id_seq
    AS integer
    START WITH 1
    INCREMENT BY 1
    NO MINVALUE
    NO MAXVALUE
    CACHE 1;


ALTER TABLE public.files_id_seq OWNER TO strapi;

--
-- Name: files_id_seq; Type: SEQUENCE OWNED BY; Schema: public; Owner: strapi
--

ALTER SEQUENCE public.files_id_seq OWNED BY public.files.id;


--
-- Name: files_related_morphs; Type: TABLE; Schema: public; Owner: strapi
--

CREATE TABLE public.files_related_morphs (
    file_id integer,
    related_id integer,
    related_type character varying(255),
    field character varying(255),
    "order" integer
);


ALTER TABLE public.files_related_morphs OWNER TO strapi;

--
-- Name: i18n_locale; Type: TABLE; Schema: public; Owner: strapi
--

CREATE TABLE public.i18n_locale (
    id integer NOT NULL,
    name character varying(255),
    code character varying(255),
    created_at timestamp(6) without time zone,
    updated_at timestamp(6) without time zone,
    created_by_id integer,
    updated_by_id integer
);


ALTER TABLE public.i18n_locale OWNER TO strapi;

--
-- Name: i18n_locale_id_seq; Type: SEQUENCE; Schema: public; Owner: strapi
--

CREATE SEQUENCE public.i18n_locale_id_seq
    AS integer
    START WITH 1
    INCREMENT BY 1
    NO MINVALUE
    NO MAXVALUE
    CACHE 1;


ALTER TABLE public.i18n_locale_id_seq OWNER TO strapi;

--
-- Name: i18n_locale_id_seq; Type: SEQUENCE OWNED BY; Schema: public; Owner: strapi
--

ALTER SEQUENCE public.i18n_locale_id_seq OWNED BY public.i18n_locale.id;


--
-- Name: landing_pages; Type: TABLE; Schema: public; Owner: strapi
--

CREATE TABLE public.landing_pages (
    id integer NOT NULL,
    created_at timestamp(6) without time zone,
    updated_at timestamp(6) without time zone,
    published_at timestamp(6) without time zone,
    created_by_id integer,
    updated_by_id integer
);


ALTER TABLE public.landing_pages OWNER TO strapi;

--
-- Name: landing_pages_components; Type: TABLE; Schema: public; Owner: strapi
--

CREATE TABLE public.landing_pages_components (
    id integer NOT NULL,
    entity_id integer,
    component_id integer,
    component_type character varying(255),
    field character varying(255),
    "order" integer DEFAULT 0
);


ALTER TABLE public.landing_pages_components OWNER TO strapi;

--
-- Name: landing_pages_components_id_seq; Type: SEQUENCE; Schema: public; Owner: strapi
--

CREATE SEQUENCE public.landing_pages_components_id_seq
    AS integer
    START WITH 1
    INCREMENT BY 1
    NO MINVALUE
    NO MAXVALUE
    CACHE 1;


ALTER TABLE public.landing_pages_components_id_seq OWNER TO strapi;

--
-- Name: landing_pages_components_id_seq; Type: SEQUENCE OWNED BY; Schema: public; Owner: strapi
--

ALTER SEQUENCE public.landing_pages_components_id_seq OWNED BY public.landing_pages_components.id;


--
-- Name: landing_pages_id_seq; Type: SEQUENCE; Schema: public; Owner: strapi
--

CREATE SEQUENCE public.landing_pages_id_seq
    AS integer
    START WITH 1
    INCREMENT BY 1
    NO MINVALUE
    NO MAXVALUE
    CACHE 1;


ALTER TABLE public.landing_pages_id_seq OWNER TO strapi;

--
-- Name: landing_pages_id_seq; Type: SEQUENCE OWNED BY; Schema: public; Owner: strapi
--

ALTER SEQUENCE public.landing_pages_id_seq OWNED BY public.landing_pages.id;


--
-- Name: strapi_api_tokens; Type: TABLE; Schema: public; Owner: strapi
--

CREATE TABLE public.strapi_api_tokens (
    id integer NOT NULL,
    name character varying(255),
    description character varying(255),
    type character varying(255),
    access_key character varying(255),
    created_at timestamp(6) without time zone,
    updated_at timestamp(6) without time zone,
    created_by_id integer,
    updated_by_id integer
);


ALTER TABLE public.strapi_api_tokens OWNER TO strapi;

--
-- Name: strapi_api_tokens_id_seq; Type: SEQUENCE; Schema: public; Owner: strapi
--

CREATE SEQUENCE public.strapi_api_tokens_id_seq
    AS integer
    START WITH 1
    INCREMENT BY 1
    NO MINVALUE
    NO MAXVALUE
    CACHE 1;


ALTER TABLE public.strapi_api_tokens_id_seq OWNER TO strapi;

--
-- Name: strapi_api_tokens_id_seq; Type: SEQUENCE OWNED BY; Schema: public; Owner: strapi
--

ALTER SEQUENCE public.strapi_api_tokens_id_seq OWNED BY public.strapi_api_tokens.id;


--
-- Name: strapi_core_store_settings; Type: TABLE; Schema: public; Owner: strapi
--

CREATE TABLE public.strapi_core_store_settings (
    id integer NOT NULL,
    key character varying(255),
    value text,
    type character varying(255),
    environment character varying(255),
    tag character varying(255)
);


ALTER TABLE public.strapi_core_store_settings OWNER TO strapi;

--
-- Name: strapi_core_store_settings_id_seq; Type: SEQUENCE; Schema: public; Owner: strapi
--

CREATE SEQUENCE public.strapi_core_store_settings_id_seq
    AS integer
    START WITH 1
    INCREMENT BY 1
    NO MINVALUE
    NO MAXVALUE
    CACHE 1;


ALTER TABLE public.strapi_core_store_settings_id_seq OWNER TO strapi;

--
-- Name: strapi_core_store_settings_id_seq; Type: SEQUENCE OWNED BY; Schema: public; Owner: strapi
--

ALTER SEQUENCE public.strapi_core_store_settings_id_seq OWNED BY public.strapi_core_store_settings.id;


--
-- Name: strapi_database_schema; Type: TABLE; Schema: public; Owner: strapi
--

CREATE TABLE public.strapi_database_schema (
    id integer NOT NULL,
    schema json,
    "time" timestamp without time zone,
    hash character varying(255)
);


ALTER TABLE public.strapi_database_schema OWNER TO strapi;

--
-- Name: strapi_database_schema_id_seq; Type: SEQUENCE; Schema: public; Owner: strapi
--

CREATE SEQUENCE public.strapi_database_schema_id_seq
    AS integer
    START WITH 1
    INCREMENT BY 1
    NO MINVALUE
    NO MAXVALUE
    CACHE 1;


ALTER TABLE public.strapi_database_schema_id_seq OWNER TO strapi;

--
-- Name: strapi_database_schema_id_seq; Type: SEQUENCE OWNED BY; Schema: public; Owner: strapi
--

ALTER SEQUENCE public.strapi_database_schema_id_seq OWNED BY public.strapi_database_schema.id;


--
-- Name: strapi_migrations; Type: TABLE; Schema: public; Owner: strapi
--

CREATE TABLE public.strapi_migrations (
    id integer NOT NULL,
    name character varying(255),
    "time" timestamp without time zone
);


ALTER TABLE public.strapi_migrations OWNER TO strapi;

--
-- Name: strapi_migrations_id_seq; Type: SEQUENCE; Schema: public; Owner: strapi
--

CREATE SEQUENCE public.strapi_migrations_id_seq
    AS integer
    START WITH 1
    INCREMENT BY 1
    NO MINVALUE
    NO MAXVALUE
    CACHE 1;


ALTER TABLE public.strapi_migrations_id_seq OWNER TO strapi;

--
-- Name: strapi_migrations_id_seq; Type: SEQUENCE OWNED BY; Schema: public; Owner: strapi
--

ALTER SEQUENCE public.strapi_migrations_id_seq OWNED BY public.strapi_migrations.id;


--
-- Name: strapi_webhooks; Type: TABLE; Schema: public; Owner: strapi
--

CREATE TABLE public.strapi_webhooks (
    id integer NOT NULL,
    name character varying(255),
    url text,
    headers jsonb,
    events jsonb,
    enabled boolean
);


ALTER TABLE public.strapi_webhooks OWNER TO strapi;

--
-- Name: strapi_webhooks_id_seq; Type: SEQUENCE; Schema: public; Owner: strapi
--

CREATE SEQUENCE public.strapi_webhooks_id_seq
    AS integer
    START WITH 1
    INCREMENT BY 1
    NO MINVALUE
    NO MAXVALUE
    CACHE 1;


ALTER TABLE public.strapi_webhooks_id_seq OWNER TO strapi;

--
-- Name: strapi_webhooks_id_seq; Type: SEQUENCE OWNED BY; Schema: public; Owner: strapi
--

ALTER SEQUENCE public.strapi_webhooks_id_seq OWNED BY public.strapi_webhooks.id;


--
-- Name: up_permissions; Type: TABLE; Schema: public; Owner: strapi
--

CREATE TABLE public.up_permissions (
    id integer NOT NULL,
    action character varying(255),
    created_at timestamp(6) without time zone,
    updated_at timestamp(6) without time zone,
    created_by_id integer,
    updated_by_id integer
);


ALTER TABLE public.up_permissions OWNER TO strapi;

--
-- Name: up_permissions_id_seq; Type: SEQUENCE; Schema: public; Owner: strapi
--

CREATE SEQUENCE public.up_permissions_id_seq
    AS integer
    START WITH 1
    INCREMENT BY 1
    NO MINVALUE
    NO MAXVALUE
    CACHE 1;


ALTER TABLE public.up_permissions_id_seq OWNER TO strapi;

--
-- Name: up_permissions_id_seq; Type: SEQUENCE OWNED BY; Schema: public; Owner: strapi
--

ALTER SEQUENCE public.up_permissions_id_seq OWNED BY public.up_permissions.id;


--
-- Name: up_permissions_role_links; Type: TABLE; Schema: public; Owner: strapi
--

CREATE TABLE public.up_permissions_role_links (
    permission_id integer,
    role_id integer
);


ALTER TABLE public.up_permissions_role_links OWNER TO strapi;

--
-- Name: up_roles; Type: TABLE; Schema: public; Owner: strapi
--

CREATE TABLE public.up_roles (
    id integer NOT NULL,
    name character varying(255),
    description character varying(255),
    type character varying(255),
    created_at timestamp(6) without time zone,
    updated_at timestamp(6) without time zone,
    created_by_id integer,
    updated_by_id integer
);


ALTER TABLE public.up_roles OWNER TO strapi;

--
-- Name: up_roles_id_seq; Type: SEQUENCE; Schema: public; Owner: strapi
--

CREATE SEQUENCE public.up_roles_id_seq
    AS integer
    START WITH 1
    INCREMENT BY 1
    NO MINVALUE
    NO MAXVALUE
    CACHE 1;


ALTER TABLE public.up_roles_id_seq OWNER TO strapi;

--
-- Name: up_roles_id_seq; Type: SEQUENCE OWNED BY; Schema: public; Owner: strapi
--

ALTER SEQUENCE public.up_roles_id_seq OWNED BY public.up_roles.id;


--
-- Name: up_users; Type: TABLE; Schema: public; Owner: strapi
--

CREATE TABLE public.up_users (
    id integer NOT NULL,
    username character varying(255),
    email character varying(255),
    provider character varying(255),
    password character varying(255),
    reset_password_token character varying(255),
    confirmation_token character varying(255),
    confirmed boolean,
    blocked boolean,
    created_at timestamp(6) without time zone,
    updated_at timestamp(6) without time zone,
    created_by_id integer,
    updated_by_id integer
);


ALTER TABLE public.up_users OWNER TO strapi;

--
-- Name: up_users_id_seq; Type: SEQUENCE; Schema: public; Owner: strapi
--

CREATE SEQUENCE public.up_users_id_seq
    AS integer
    START WITH 1
    INCREMENT BY 1
    NO MINVALUE
    NO MAXVALUE
    CACHE 1;


ALTER TABLE public.up_users_id_seq OWNER TO strapi;

--
-- Name: up_users_id_seq; Type: SEQUENCE OWNED BY; Schema: public; Owner: strapi
--

ALTER SEQUENCE public.up_users_id_seq OWNED BY public.up_users.id;


--
-- Name: up_users_role_links; Type: TABLE; Schema: public; Owner: strapi
--

CREATE TABLE public.up_users_role_links (
    user_id integer,
    role_id integer
);


ALTER TABLE public.up_users_role_links OWNER TO strapi;

--
-- Name: admin_permissions id; Type: DEFAULT; Schema: public; Owner: strapi
--

ALTER TABLE ONLY public.admin_permissions ALTER COLUMN id SET DEFAULT nextval('public.admin_permissions_id_seq'::regclass);


--
-- Name: admin_roles id; Type: DEFAULT; Schema: public; Owner: strapi
--

ALTER TABLE ONLY public.admin_roles ALTER COLUMN id SET DEFAULT nextval('public.admin_roles_id_seq'::regclass);


--
-- Name: admin_users id; Type: DEFAULT; Schema: public; Owner: strapi
--

ALTER TABLE ONLY public.admin_users ALTER COLUMN id SET DEFAULT nextval('public.admin_users_id_seq'::regclass);


--
-- Name: components_page_abouts id; Type: DEFAULT; Schema: public; Owner: strapi
--

ALTER TABLE ONLY public.components_page_abouts ALTER COLUMN id SET DEFAULT nextval('public.components_page_abouts_id_seq'::regclass);


--
-- Name: components_page_buttons id; Type: DEFAULT; Schema: public; Owner: strapi
--

ALTER TABLE ONLY public.components_page_buttons ALTER COLUMN id SET DEFAULT nextval('public.components_page_buttons_id_seq'::regclass);


--
-- Name: components_page_headers id; Type: DEFAULT; Schema: public; Owner: strapi
--

ALTER TABLE ONLY public.components_page_headers ALTER COLUMN id SET DEFAULT nextval('public.components_page_headers_id_seq'::regclass);


--
-- Name: components_page_headers_components id; Type: DEFAULT; Schema: public; Owner: strapi
--

ALTER TABLE ONLY public.components_page_headers_components ALTER COLUMN id SET DEFAULT nextval('public.components_page_headers_components_id_seq'::regclass);


--
-- Name: components_page_tech_icons id; Type: DEFAULT; Schema: public; Owner: strapi
--

ALTER TABLE ONLY public.components_page_tech_icons ALTER COLUMN id SET DEFAULT nextval('public.components_page_tech_icons_id_seq'::regclass);


--
-- Name: components_page_teches id; Type: DEFAULT; Schema: public; Owner: strapi
--

ALTER TABLE ONLY public.components_page_teches ALTER COLUMN id SET DEFAULT nextval('public.components_page_teches_id_seq'::regclass);


--
-- Name: components_page_teches_components id; Type: DEFAULT; Schema: public; Owner: strapi
--

ALTER TABLE ONLY public.components_page_teches_components ALTER COLUMN id SET DEFAULT nextval('public.components_page_teches_components_id_seq'::regclass);


--
-- Name: files id; Type: DEFAULT; Schema: public; Owner: strapi
--

ALTER TABLE ONLY public.files ALTER COLUMN id SET DEFAULT nextval('public.files_id_seq'::regclass);


--
-- Name: i18n_locale id; Type: DEFAULT; Schema: public; Owner: strapi
--

ALTER TABLE ONLY public.i18n_locale ALTER COLUMN id SET DEFAULT nextval('public.i18n_locale_id_seq'::regclass);


--
-- Name: landing_pages id; Type: DEFAULT; Schema: public; Owner: strapi
--

ALTER TABLE ONLY public.landing_pages ALTER COLUMN id SET DEFAULT nextval('public.landing_pages_id_seq'::regclass);


--
-- Name: landing_pages_components id; Type: DEFAULT; Schema: public; Owner: strapi
--

ALTER TABLE ONLY public.landing_pages_components ALTER COLUMN id SET DEFAULT nextval('public.landing_pages_components_id_seq'::regclass);


--
-- Name: strapi_api_tokens id; Type: DEFAULT; Schema: public; Owner: strapi
--

ALTER TABLE ONLY public.strapi_api_tokens ALTER COLUMN id SET DEFAULT nextval('public.strapi_api_tokens_id_seq'::regclass);


--
-- Name: strapi_core_store_settings id; Type: DEFAULT; Schema: public; Owner: strapi
--

ALTER TABLE ONLY public.strapi_core_store_settings ALTER COLUMN id SET DEFAULT nextval('public.strapi_core_store_settings_id_seq'::regclass);


--
-- Name: strapi_database_schema id; Type: DEFAULT; Schema: public; Owner: strapi
--

ALTER TABLE ONLY public.strapi_database_schema ALTER COLUMN id SET DEFAULT nextval('public.strapi_database_schema_id_seq'::regclass);


--
-- Name: strapi_migrations id; Type: DEFAULT; Schema: public; Owner: strapi
--

ALTER TABLE ONLY public.strapi_migrations ALTER COLUMN id SET DEFAULT nextval('public.strapi_migrations_id_seq'::regclass);


--
-- Name: strapi_webhooks id; Type: DEFAULT; Schema: public; Owner: strapi
--

ALTER TABLE ONLY public.strapi_webhooks ALTER COLUMN id SET DEFAULT nextval('public.strapi_webhooks_id_seq'::regclass);


--
-- Name: up_permissions id; Type: DEFAULT; Schema: public; Owner: strapi
--

ALTER TABLE ONLY public.up_permissions ALTER COLUMN id SET DEFAULT nextval('public.up_permissions_id_seq'::regclass);


--
-- Name: up_roles id; Type: DEFAULT; Schema: public; Owner: strapi
--

ALTER TABLE ONLY public.up_roles ALTER COLUMN id SET DEFAULT nextval('public.up_roles_id_seq'::regclass);


--
-- Name: up_users id; Type: DEFAULT; Schema: public; Owner: strapi
--

ALTER TABLE ONLY public.up_users ALTER COLUMN id SET DEFAULT nextval('public.up_users_id_seq'::regclass);


--
-- Data for Name: admin_permissions; Type: TABLE DATA; Schema: public; Owner: strapi
--

COPY public.admin_permissions (id, action, subject, properties, conditions, created_at, updated_at, created_by_id, updated_by_id) FROM stdin;
8	plugin::content-manager.explorer.delete	api::landing-page.landing-page	{}	[]	2022-04-24 10:45:35.239	2022-04-24 10:45:35.239	\N	\N
10	plugin::content-manager.explorer.publish	api::landing-page.landing-page	{}	[]	2022-04-24 10:45:35.243	2022-04-24 10:45:35.243	\N	\N
11	plugin::upload.read	\N	{}	[]	2022-04-24 10:45:35.245	2022-04-24 10:45:35.245	\N	\N
12	plugin::upload.assets.create	\N	{}	[]	2022-04-24 10:45:35.247	2022-04-24 10:45:35.247	\N	\N
13	plugin::upload.assets.update	\N	{}	[]	2022-04-24 10:45:35.248	2022-04-24 10:45:35.248	\N	\N
14	plugin::upload.assets.download	\N	{}	[]	2022-04-24 10:45:35.251	2022-04-24 10:45:35.251	\N	\N
15	plugin::upload.assets.copy-link	\N	{}	[]	2022-04-24 10:45:35.253	2022-04-24 10:45:35.253	\N	\N
55	plugin::users-permissions.roles.read	\N	{}	[]	2022-04-24 10:45:35.365	2022-04-24 10:45:35.365	\N	\N
56	plugin::users-permissions.roles.update	\N	{}	[]	2022-04-24 10:45:35.367	2022-04-24 10:45:35.367	\N	\N
57	plugin::users-permissions.roles.delete	\N	{}	[]	2022-04-24 10:45:35.368	2022-04-24 10:45:35.368	\N	\N
58	plugin::users-permissions.providers.read	\N	{}	[]	2022-04-24 10:45:35.37	2022-04-24 10:45:35.37	\N	\N
59	plugin::users-permissions.providers.update	\N	{}	[]	2022-04-24 10:45:35.371	2022-04-24 10:45:35.371	\N	\N
60	plugin::users-permissions.email-templates.read	\N	{}	[]	2022-04-24 10:45:35.373	2022-04-24 10:45:35.373	\N	\N
61	plugin::users-permissions.email-templates.update	\N	{}	[]	2022-04-24 10:45:35.376	2022-04-24 10:45:35.376	\N	\N
4	plugin::content-manager.explorer.read	api::landing-page.landing-page	{"fields": ["logo", "header.title", "header.description", "header.button.label", "header.button.url", "header.image", "about.title", "about.description", "about.image", "tech.title", "tech.techIcon.icon", "tech.techIcon.title"]}	[]	2022-04-24 10:45:35.23	2022-04-24 11:05:56.603	\N	\N
6	plugin::content-manager.explorer.update	api::landing-page.landing-page	{"fields": ["logo", "header.title", "header.description", "header.button.label", "header.button.url", "header.image", "about.title", "about.description", "about.image", "tech.title", "tech.techIcon.icon", "tech.techIcon.title"]}	[]	2022-04-24 10:45:35.235	2022-04-24 11:05:56.603	\N	\N
17	plugin::content-manager.explorer.create	api::landing-page.landing-page	{"fields": ["logo", "header.title", "header.description", "header.button.label", "header.button.url", "header.image", "about.title", "about.description", "about.image", "tech.title", "tech.techIcon.icon", "tech.techIcon.title"]}	["admin::is-creator"]	2022-04-24 10:45:35.258	2022-04-24 11:05:56.603	\N	\N
19	plugin::content-manager.explorer.read	api::landing-page.landing-page	{"fields": ["logo", "header.title", "header.description", "header.button.label", "header.button.url", "header.image", "about.title", "about.description", "about.image", "tech.title", "tech.techIcon.icon", "tech.techIcon.title"]}	["admin::is-creator"]	2022-04-24 10:45:35.262	2022-04-24 11:05:56.603	\N	\N
23	plugin::content-manager.explorer.delete	api::landing-page.landing-page	{}	["admin::is-creator"]	2022-04-24 10:45:35.27	2022-04-24 10:45:35.27	\N	\N
24	plugin::upload.read	\N	{}	["admin::is-creator"]	2022-04-24 10:45:35.271	2022-04-24 10:45:35.271	\N	\N
25	plugin::upload.assets.create	\N	{}	[]	2022-04-24 10:45:35.273	2022-04-24 10:45:35.273	\N	\N
26	plugin::upload.assets.update	\N	{}	["admin::is-creator"]	2022-04-24 10:45:35.275	2022-04-24 10:45:35.275	\N	\N
27	plugin::upload.assets.download	\N	{}	[]	2022-04-24 10:45:35.279	2022-04-24 10:45:35.279	\N	\N
28	plugin::upload.assets.copy-link	\N	{}	[]	2022-04-24 10:45:35.283	2022-04-24 10:45:35.283	\N	\N
29	plugin::content-manager.explorer.create	plugin::users-permissions.user	{"fields": ["username", "email", "provider", "password", "resetPasswordToken", "confirmationToken", "confirmed", "blocked", "role"]}	[]	2022-04-24 10:45:35.316	2022-04-24 10:45:35.316	\N	\N
32	plugin::content-manager.explorer.read	plugin::users-permissions.user	{"fields": ["username", "email", "provider", "password", "resetPasswordToken", "confirmationToken", "confirmed", "blocked", "role"]}	[]	2022-04-24 10:45:35.324	2022-04-24 10:45:35.324	\N	\N
35	plugin::content-manager.explorer.update	plugin::users-permissions.user	{"fields": ["username", "email", "provider", "password", "resetPasswordToken", "confirmationToken", "confirmed", "blocked", "role"]}	[]	2022-04-24 10:45:35.33	2022-04-24 10:45:35.33	\N	\N
38	plugin::content-manager.explorer.delete	plugin::users-permissions.user	{}	[]	2022-04-24 10:45:35.335	2022-04-24 10:45:35.335	\N	\N
40	plugin::content-manager.explorer.delete	api::landing-page.landing-page	{}	[]	2022-04-24 10:45:35.339	2022-04-24 10:45:35.339	\N	\N
42	plugin::content-manager.explorer.publish	api::landing-page.landing-page	{}	[]	2022-04-24 10:45:35.343	2022-04-24 10:45:35.343	\N	\N
43	plugin::content-manager.single-types.configure-view	\N	{}	[]	2022-04-24 10:45:35.345	2022-04-24 10:45:35.345	\N	\N
44	plugin::content-manager.collection-types.configure-view	\N	{}	[]	2022-04-24 10:45:35.348	2022-04-24 10:45:35.348	\N	\N
45	plugin::content-manager.components.configure-layout	\N	{}	[]	2022-04-24 10:45:35.35	2022-04-24 10:45:35.35	\N	\N
46	plugin::content-type-builder.read	\N	{}	[]	2022-04-24 10:45:35.351	2022-04-24 10:45:35.351	\N	\N
47	plugin::email.settings.read	\N	{}	[]	2022-04-24 10:45:35.353	2022-04-24 10:45:35.353	\N	\N
48	plugin::upload.read	\N	{}	[]	2022-04-24 10:45:35.354	2022-04-24 10:45:35.354	\N	\N
49	plugin::upload.assets.create	\N	{}	[]	2022-04-24 10:45:35.356	2022-04-24 10:45:35.356	\N	\N
50	plugin::upload.assets.update	\N	{}	[]	2022-04-24 10:45:35.357	2022-04-24 10:45:35.357	\N	\N
51	plugin::upload.assets.download	\N	{}	[]	2022-04-24 10:45:35.359	2022-04-24 10:45:35.359	\N	\N
52	plugin::upload.assets.copy-link	\N	{}	[]	2022-04-24 10:45:35.361	2022-04-24 10:45:35.361	\N	\N
53	plugin::upload.settings.read	\N	{}	[]	2022-04-24 10:45:35.362	2022-04-24 10:45:35.362	\N	\N
54	plugin::users-permissions.roles.create	\N	{}	[]	2022-04-24 10:45:35.363	2022-04-24 10:45:35.363	\N	\N
21	plugin::content-manager.explorer.update	api::landing-page.landing-page	{"fields": ["logo", "header.title", "header.description", "header.button.label", "header.button.url", "header.image", "about.title", "about.description", "about.image", "tech.title", "tech.techIcon.icon", "tech.techIcon.title"]}	["admin::is-creator"]	2022-04-24 10:45:35.265	2022-04-24 11:05:56.603	\N	\N
62	plugin::users-permissions.advanced-settings.read	\N	{}	[]	2022-04-24 10:45:35.378	2022-04-24 10:45:35.378	\N	\N
63	plugin::users-permissions.advanced-settings.update	\N	{}	[]	2022-04-24 10:45:35.38	2022-04-24 10:45:35.38	\N	\N
64	plugin::i18n.locale.create	\N	{}	[]	2022-04-24 10:45:35.381	2022-04-24 10:45:35.381	\N	\N
65	plugin::i18n.locale.read	\N	{}	[]	2022-04-24 10:45:35.39	2022-04-24 10:45:35.39	\N	\N
66	plugin::i18n.locale.update	\N	{}	[]	2022-04-24 10:45:35.392	2022-04-24 10:45:35.392	\N	\N
67	plugin::i18n.locale.delete	\N	{}	[]	2022-04-24 10:45:35.4	2022-04-24 10:45:35.4	\N	\N
68	admin::marketplace.read	\N	{}	[]	2022-04-24 10:45:35.402	2022-04-24 10:45:35.402	\N	\N
69	admin::marketplace.plugins.install	\N	{}	[]	2022-04-24 10:45:35.404	2022-04-24 10:45:35.404	\N	\N
70	admin::marketplace.plugins.uninstall	\N	{}	[]	2022-04-24 10:45:35.406	2022-04-24 10:45:35.406	\N	\N
71	admin::webhooks.create	\N	{}	[]	2022-04-24 10:45:35.408	2022-04-24 10:45:35.408	\N	\N
72	admin::webhooks.read	\N	{}	[]	2022-04-24 10:45:35.41	2022-04-24 10:45:35.41	\N	\N
73	admin::webhooks.update	\N	{}	[]	2022-04-24 10:45:35.412	2022-04-24 10:45:35.412	\N	\N
74	admin::webhooks.delete	\N	{}	[]	2022-04-24 10:45:35.413	2022-04-24 10:45:35.413	\N	\N
75	admin::users.create	\N	{}	[]	2022-04-24 10:45:35.416	2022-04-24 10:45:35.416	\N	\N
76	admin::users.read	\N	{}	[]	2022-04-24 10:45:35.417	2022-04-24 10:45:35.417	\N	\N
77	admin::users.update	\N	{}	[]	2022-04-24 10:45:35.419	2022-04-24 10:45:35.419	\N	\N
78	admin::users.delete	\N	{}	[]	2022-04-24 10:45:35.421	2022-04-24 10:45:35.421	\N	\N
79	admin::roles.create	\N	{}	[]	2022-04-24 10:45:35.423	2022-04-24 10:45:35.423	\N	\N
80	admin::roles.read	\N	{}	[]	2022-04-24 10:45:35.424	2022-04-24 10:45:35.424	\N	\N
81	admin::roles.update	\N	{}	[]	2022-04-24 10:45:35.427	2022-04-24 10:45:35.427	\N	\N
82	admin::roles.delete	\N	{}	[]	2022-04-24 10:45:35.428	2022-04-24 10:45:35.428	\N	\N
83	admin::api-tokens.create	\N	{}	[]	2022-04-24 10:45:35.43	2022-04-24 10:45:35.43	\N	\N
84	admin::api-tokens.read	\N	{}	[]	2022-04-24 10:45:35.432	2022-04-24 10:45:35.432	\N	\N
85	admin::api-tokens.update	\N	{}	[]	2022-04-24 10:45:35.433	2022-04-24 10:45:35.433	\N	\N
86	admin::api-tokens.delete	\N	{}	[]	2022-04-24 10:45:35.435	2022-04-24 10:45:35.435	\N	\N
87	plugin::content-manager.explorer.create	api::landing-page.landing-page	{"fields": ["logo", "header.title", "header.description", "header.button.label", "header.button.url", "header.image", "about.title", "about.description", "about.image", "tech.title", "tech.techIcon.icon", "tech.techIcon.title"]}	[]	2022-04-24 11:05:56.549	2022-04-24 11:05:56.549	\N	\N
88	plugin::content-manager.explorer.read	api::landing-page.landing-page	{"fields": ["logo", "header.title", "header.description", "header.button.label", "header.button.url", "header.image", "about.title", "about.description", "about.image", "tech.title", "tech.techIcon.icon", "tech.techIcon.title"]}	[]	2022-04-24 11:05:56.558	2022-04-24 11:05:56.558	\N	\N
89	plugin::content-manager.explorer.update	api::landing-page.landing-page	{"fields": ["logo", "header.title", "header.description", "header.button.label", "header.button.url", "header.image", "about.title", "about.description", "about.image", "tech.title", "tech.techIcon.icon", "tech.techIcon.title"]}	[]	2022-04-24 11:05:56.561	2022-04-24 11:05:56.561	\N	\N
2	plugin::content-manager.explorer.create	api::landing-page.landing-page	{"fields": ["logo", "header.title", "header.description", "header.button.label", "header.button.url", "header.image", "about.title", "about.description", "about.image", "tech.title", "tech.techIcon.icon", "tech.techIcon.title"]}	[]	2022-04-24 10:45:35.225	2022-04-24 11:05:56.603	\N	\N
\.


--
-- Data for Name: admin_permissions_role_links; Type: TABLE DATA; Schema: public; Owner: strapi
--

COPY public.admin_permissions_role_links (permission_id, role_id) FROM stdin;
2	2
4	2
6	2
8	2
10	2
11	2
12	2
13	2
14	2
15	2
17	3
19	3
21	3
23	3
24	3
25	3
26	3
27	3
28	3
29	1
32	1
35	1
38	1
40	1
42	1
43	1
44	1
45	1
46	1
47	1
48	1
49	1
50	1
51	1
52	1
53	1
54	1
55	1
56	1
57	1
58	1
59	1
60	1
61	1
62	1
63	1
64	1
65	1
66	1
67	1
68	1
69	1
70	1
71	1
72	1
73	1
74	1
75	1
76	1
77	1
78	1
79	1
80	1
81	1
82	1
83	1
84	1
85	1
86	1
87	1
88	1
89	1
\.


--
-- Data for Name: admin_roles; Type: TABLE DATA; Schema: public; Owner: strapi
--

COPY public.admin_roles (id, name, code, description, created_at, updated_at, created_by_id, updated_by_id) FROM stdin;
1	Super Admin	strapi-super-admin	Super Admins can access and manage all features and settings.	2022-04-24 10:45:35.204	2022-04-24 10:45:35.204	\N	\N
2	Editor	strapi-editor	Editors can manage and publish contents including those of other users.	2022-04-24 10:45:35.21	2022-04-24 10:45:35.21	\N	\N
3	Author	strapi-author	Authors can manage the content they have created.	2022-04-24 10:45:35.213	2022-04-24 10:45:35.213	\N	\N
\.


--
-- Data for Name: admin_users; Type: TABLE DATA; Schema: public; Owner: strapi
--

COPY public.admin_users (id, firstname, lastname, username, email, password, reset_password_token, registration_token, is_active, blocked, prefered_language, created_at, updated_at, created_by_id, updated_by_id) FROM stdin;
1	strapi	strapi	\N	strapi@strapi.com	$2a$10$ikwEkQeQhVtvxdsGVuzWouR3YOfT9t/9WLGbSZT615isuZpLJqYhK	\N	\N	t	f	\N	2022-04-24 10:46:14.632	2022-04-24 10:46:14.632	\N	\N
\.


--
-- Data for Name: admin_users_roles_links; Type: TABLE DATA; Schema: public; Owner: strapi
--

COPY public.admin_users_roles_links (user_id, role_id) FROM stdin;
1	1
\.


--
-- Data for Name: components_page_abouts; Type: TABLE DATA; Schema: public; Owner: strapi
--

COPY public.components_page_abouts (id, title, description) FROM stdin;
1	O que iremos construir	Iremos criar um e-commerce de jogos, incluindo toda a parte de\npagamentos e rea do cliente. Os clientes podero fazer buscas,\nfiltrar, adicionar ao carrinho e comprar seus jogos favoritos.\n\nTeremos tambm um CMS completamente customizado para\nque os administradores possam adicionar produtos, categorias,\nplataformas, criar promoes, editar partes do site, alm de\nemails automatizados para s vendas de cada produto.\n\nPara criar tudo isso, iremos utilizar ferramentas muito famosas\nno mercado de trabalho, como ReactJS, Next, Apollo e outras\ncoisas mais. Sempre prezando pela qualidade do cdigo, ou seja,\nteremos testes em tudo!
\.


--
-- Data for Name: components_page_buttons; Type: TABLE DATA; Schema: public; Owner: strapi
--

COPY public.components_page_buttons (id, label, url) FROM stdin;
1	Comprar	#
\.


--
-- Data for Name: components_page_headers; Type: TABLE DATA; Schema: public; Owner: strapi
--

COPY public.components_page_headers (id, title, description) FROM stdin;
1	React Avanado	Crie aplicaes com Next.js, Strapi, GraphQL e mais!
\.


--
-- Data for Name: components_page_headers_components; Type: TABLE DATA; Schema: public; Owner: strapi
--

COPY public.components_page_headers_components (id, entity_id, component_id, component_type, field, "order") FROM stdin;
6	1	1	page.button	button	1
\.


--
-- Data for Name: components_page_tech_icons; Type: TABLE DATA; Schema: public; Owner: strapi
--

COPY public.components_page_tech_icons (id, title) FROM stdin;
2	React
3	Next.js
4	Strapi
5	Apollo
6	GraphQL
7	Jest
8	Testing Library
9	Storybook
10	Cypress
1	TypeScript
\.


--
-- Data for Name: components_page_teches; Type: TABLE DATA; Schema: public; Owner: strapi
--

COPY public.components_page_teches (id, title) FROM stdin;
1	Tecnologias utilizadas
\.


--
-- Data for Name: components_page_teches_components; Type: TABLE DATA; Schema: public; Owner: strapi
--

COPY public.components_page_teches_components (id, entity_id, component_id, component_type, field, "order") FROM stdin;
4	1	1	page.tech-icon	techIcon	1
5	1	2	page.tech-icon	techIcon	2
6	1	3	page.tech-icon	techIcon	3
7	1	4	page.tech-icon	techIcon	4
8	1	5	page.tech-icon	techIcon	5
9	1	6	page.tech-icon	techIcon	6
10	1	7	page.tech-icon	techIcon	7
11	1	8	page.tech-icon	techIcon	8
12	1	9	page.tech-icon	techIcon	9
13	1	10	page.tech-icon	techIcon	10
\.


--
-- Data for Name: files; Type: TABLE DATA; Schema: public; Owner: strapi
--

COPY public.files (id, name, alternative_text, caption, width, height, formats, hash, ext, mime, size, url, preview_url, provider, provider_metadata, created_at, updated_at, created_by_id, updated_by_id) FROM stdin;
46	cypress_3aa76eb266.svg	cypress_3aa76eb266.svg	cypress_3aa76eb266.svg	\N	\N	\N	cypress_3aa76eb266_f0e8e45d1c	.svg	image/svg+xml	1.73	/uploads/cypress_3aa76eb266_f0e8e45d1c.svg	\N	local	\N	2022-04-24 11:09:39.511	2022-04-24 11:09:39.511	1	1
50	jest_da49922029.svg	jest_da49922029.svg	jest_da49922029.svg	\N	\N	\N	jest_da49922029_7813fff2bd	.svg	image/svg+xml	2.78	/uploads/jest_da49922029_7813fff2bd.svg	\N	local	\N	2022-04-24 11:09:39.592	2022-04-24 11:09:39.592	1	1
53	nextjs_722bbe18a3.svg	nextjs_722bbe18a3.svg	nextjs_722bbe18a3.svg	\N	\N	\N	nextjs_722bbe18a3_8faffa5588	.svg	image/svg+xml	1.29	/uploads/nextjs_722bbe18a3_8faffa5588.svg	\N	local	\N	2022-04-24 11:09:39.683	2022-04-24 11:09:39.683	1	1
55	cover_c95ba36736.png	cover_c95ba36736.png	cover_c95ba36736.png	1200	630	{"large": {"ext": ".png", "url": "/uploads/large_cover_c95ba36736_bf0bfb0e36.png", "hash": "large_cover_c95ba36736_bf0bfb0e36", "mime": "image/png", "name": "large_cover_c95ba36736.png", "path": null, "size": 85.57, "width": 1000, "height": 525}, "small": {"ext": ".png", "url": "/uploads/small_cover_c95ba36736_bf0bfb0e36.png", "hash": "small_cover_c95ba36736_bf0bfb0e36", "mime": "image/png", "name": "small_cover_c95ba36736.png", "path": null, "size": 35.43, "width": 500, "height": 263}, "medium": {"ext": ".png", "url": "/uploads/medium_cover_c95ba36736_bf0bfb0e36.png", "hash": "medium_cover_c95ba36736_bf0bfb0e36", "mime": "image/png", "name": "medium_cover_c95ba36736.png", "path": null, "size": 58.06, "width": 750, "height": 394}, "thumbnail": {"ext": ".png", "url": "/uploads/thumbnail_cover_c95ba36736_bf0bfb0e36.png", "hash": "thumbnail_cover_c95ba36736_bf0bfb0e36", "mime": "image/png", "name": "thumbnail_cover_c95ba36736.png", "path": null, "size": 14.94, "width": 245, "height": 129}}	cover_c95ba36736_bf0bfb0e36	.png	image/png	16.34	/uploads/cover_c95ba36736_bf0bfb0e36.png	\N	local	\N	2022-04-24 11:09:39.825	2022-04-24 11:09:39.825	1	1
57	rtl_e863b3c932.svg	rtl_e863b3c932.svg	rtl_e863b3c932.svg	\N	\N	\N	rtl_e863b3c932_63a7ccc4b2	.svg	image/svg+xml	9.62	/uploads/rtl_e863b3c932_63a7ccc4b2.svg	\N	local	\N	2022-04-24 11:09:39.954	2022-04-24 11:09:39.954	1	1
65	thumbnail_icon_512_34fb6cb7f6.png	thumbnail_icon_512_34fb6cb7f6.png	thumbnail_icon_512_34fb6cb7f6.png	156	156	\N	thumbnail_icon_512_34fb6cb7f6_c402ccfe52	.png	image/png	5.63	/uploads/thumbnail_icon_512_34fb6cb7f6_c402ccfe52.png	\N	local	\N	2022-04-24 11:09:40.296	2022-04-24 11:09:40.296	1	1
47	graphql_20c1bf23e2.svg	graphql_20c1bf23e2.svg	graphql_20c1bf23e2.svg	\N	\N	\N	graphql_20c1bf23e2_c3337b5844	.svg	image/svg+xml	2.84	/uploads/graphql_20c1bf23e2_c3337b5844.svg	\N	local	\N	2022-04-24 11:09:39.513	2022-04-24 11:09:39.513	1	1
51	logo_74e2fdc755.svg	logo_74e2fdc755.svg	logo_74e2fdc755.svg	\N	\N	\N	logo_74e2fdc755_a8571dea72	.svg	image/svg+xml	7.11	/uploads/logo_74e2fdc755_a8571dea72.svg	\N	local	\N	2022-04-24 11:09:39.594	2022-04-24 11:09:39.594	1	1
52	icon_192_8eab90e746.png	icon_192_8eab90e746.png	icon_192_8eab90e746.png	192	192	{"thumbnail": {"ext": ".png", "url": "/uploads/thumbnail_icon_192_8eab90e746_5ad7435520.png", "hash": "thumbnail_icon_192_8eab90e746_5ad7435520", "mime": "image/png", "name": "thumbnail_icon_192_8eab90e746.png", "path": null, "size": 26.07, "width": 156, "height": 156}}	icon_192_8eab90e746_5ad7435520	.png	image/png	5.76	/uploads/icon_192_8eab90e746_5ad7435520.png	\N	local	\N	2022-04-24 11:09:39.616	2022-04-24 11:09:39.616	1	1
54	react_791425b954.svg	react_791425b954.svg	react_791425b954.svg	\N	\N	\N	react_791425b954_be9818a186	.svg	image/svg+xml	2.23	/uploads/react_791425b954_be9818a186.svg	\N	local	\N	2022-04-24 11:09:39.816	2022-04-24 11:09:39.816	1	1
56	icon_512_34fb6cb7f6.png	icon_512_34fb6cb7f6.png	icon_512_34fb6cb7f6.png	512	512	{"small": {"ext": ".png", "url": "/uploads/small_icon_512_34fb6cb7f6_af46cec2b1.png", "hash": "small_icon_512_34fb6cb7f6_af46cec2b1", "mime": "image/png", "name": "small_icon_512_34fb6cb7f6.png", "path": null, "size": 139.57, "width": 500, "height": 500}, "thumbnail": {"ext": ".png", "url": "/uploads/thumbnail_icon_512_34fb6cb7f6_af46cec2b1.png", "hash": "thumbnail_icon_512_34fb6cb7f6_af46cec2b1", "mime": "image/png", "name": "thumbnail_icon_512_34fb6cb7f6.png", "path": null, "size": 25.66, "width": 156, "height": 156}}	icon_512_34fb6cb7f6_af46cec2b1	.png	image/png	24.90	/uploads/icon_512_34fb6cb7f6_af46cec2b1.png	\N	local	\N	2022-04-24 11:09:39.914	2022-04-24 11:09:39.914	1	1
58	medium_cover_c95ba36736.png	medium_cover_c95ba36736.png	medium_cover_c95ba36736.png	750	394	{"small": {"ext": ".png", "url": "/uploads/small_medium_cover_c95ba36736_50656f640b.png", "hash": "small_medium_cover_c95ba36736_50656f640b", "mime": "image/png", "name": "small_medium_cover_c95ba36736.png", "path": null, "size": 38.27, "width": 500, "height": 263}, "thumbnail": {"ext": ".png", "url": "/uploads/thumbnail_medium_cover_c95ba36736_50656f640b.png", "hash": "thumbnail_medium_cover_c95ba36736_50656f640b", "mime": "image/png", "name": "thumbnail_medium_cover_c95ba36736.png", "path": null, "size": 15.14, "width": 245, "height": 129}}	medium_cover_c95ba36736_50656f640b	.png	image/png	14.02	/uploads/medium_cover_c95ba36736_50656f640b.png	\N	local	\N	2022-04-24 11:09:39.977	2022-04-24 11:09:39.977	1	1
61	strapi_442d7d4708.svg	strapi_442d7d4708.svg	strapi_442d7d4708.svg	\N	\N	\N	strapi_442d7d4708_dfad603778	.svg	image/svg+xml	1.17	/uploads/strapi_442d7d4708_dfad603778.svg	\N	local	\N	2022-04-24 11:09:40.132	2022-04-24 11:09:40.132	1	1
62	small_cover_c95ba36736.png	small_cover_c95ba36736.png	small_cover_c95ba36736.png	500	263	{"thumbnail": {"ext": ".png", "url": "/uploads/thumbnail_small_cover_c95ba36736_babde1d5c0.png", "hash": "thumbnail_small_cover_c95ba36736_babde1d5c0", "mime": "image/png", "name": "thumbnail_small_cover_c95ba36736.png", "path": null, "size": 15.54, "width": 245, "height": 129}}	small_cover_c95ba36736_babde1d5c0	.png	image/png	9.13	/uploads/small_cover_c95ba36736_babde1d5c0.png	\N	local	\N	2022-04-24 11:09:40.144	2022-04-24 11:09:40.144	1	1
64	thumbnail_cover_c95ba36736.png	thumbnail_cover_c95ba36736.png	thumbnail_cover_c95ba36736.png	245	129	\N	thumbnail_cover_c95ba36736_a04839b454	.png	image/png	4.37	/uploads/thumbnail_cover_c95ba36736_a04839b454.png	\N	local	\N	2022-04-24 11:09:40.293	2022-04-24 11:09:40.293	1	1
68	typescript_b6c016631d.svg	typescript_b6c016631d.svg	typescript_b6c016631d.svg	\N	\N	\N	typescript_b6c016631d_669c6b3b2f	.svg	image/svg+xml	1.84	/uploads/typescript_b6c016631d_669c6b3b2f.svg	\N	local	\N	2022-04-24 11:09:40.379	2022-04-24 11:09:40.379	1	1
48	apollo_e2a8694530.svg	apollo_e2a8694530.svg	apollo_e2a8694530.svg	\N	\N	\N	apollo_e2a8694530_56708dd934	.svg	image/svg+xml	1.54	/uploads/apollo_e2a8694530_56708dd934.svg	\N	local	\N	2022-04-24 11:09:39.514	2022-04-24 11:09:39.514	1	1
59	large_cover_c95ba36736.png	large_cover_c95ba36736.png	large_cover_c95ba36736.png	1000	525	{"small": {"ext": ".png", "url": "/uploads/small_large_cover_c95ba36736_1f2c8b28de.png", "hash": "small_large_cover_c95ba36736_1f2c8b28de", "mime": "image/png", "name": "small_large_cover_c95ba36736.png", "path": null, "size": 37.57, "width": 500, "height": 263}, "medium": {"ext": ".png", "url": "/uploads/medium_large_cover_c95ba36736_1f2c8b28de.png", "hash": "medium_large_cover_c95ba36736_1f2c8b28de", "mime": "image/png", "name": "medium_large_cover_c95ba36736.png", "path": null, "size": 64.76, "width": 750, "height": 394}, "thumbnail": {"ext": ".png", "url": "/uploads/thumbnail_large_cover_c95ba36736_1f2c8b28de.png", "hash": "thumbnail_large_cover_c95ba36736_1f2c8b28de", "mime": "image/png", "name": "thumbnail_large_cover_c95ba36736.png", "path": null, "size": 15.2, "width": 245, "height": 129}}	large_cover_c95ba36736_1f2c8b28de	.png	image/png	19.83	/uploads/large_cover_c95ba36736_1f2c8b28de.png	\N	local	\N	2022-04-24 11:09:39.994	2022-04-24 11:09:39.994	1	1
60	storybook_d7b6134b45.svg	storybook_d7b6134b45.svg	storybook_d7b6134b45.svg	\N	\N	\N	storybook_d7b6134b45_5166acde60	.svg	image/svg+xml	2.56	/uploads/storybook_d7b6134b45_5166acde60.svg	\N	local	\N	2022-04-24 11:09:40.117	2022-04-24 11:09:40.117	1	1
67	small_icon_512_34fb6cb7f6.png	small_icon_512_34fb6cb7f6.png	small_icon_512_34fb6cb7f6.png	500	500	{"thumbnail": {"ext": ".png", "url": "/uploads/thumbnail_small_icon_512_34fb6cb7f6_99a8576e33.png", "hash": "thumbnail_small_icon_512_34fb6cb7f6_99a8576e33", "mime": "image/png", "name": "thumbnail_small_icon_512_34fb6cb7f6.png", "path": null, "size": 24.59, "width": 156, "height": 156}}	small_icon_512_34fb6cb7f6_99a8576e33	.png	image/png	24.27	/uploads/small_icon_512_34fb6cb7f6_99a8576e33.png	\N	local	\N	2022-04-24 11:09:40.303	2022-04-24 11:09:40.303	1	1
49	hero_illustration_86997ad966.svg	hero_illustration_86997ad966.svg	hero_illustration_86997ad966.svg	\N	\N	\N	hero_illustration_86997ad966_cbf138a8e5	.svg	image/svg+xml	12.61	/uploads/hero_illustration_86997ad966_cbf138a8e5.svg	\N	local	\N	2022-04-24 11:09:39.515	2022-04-24 11:09:39.515	1	1
63	project_440f25b520.png	project_440f25b520.png	project_440f25b520.png	586	447	{"small": {"ext": ".png", "url": "/uploads/small_project_440f25b520_ef0e7b103c.png", "hash": "small_project_440f25b520_ef0e7b103c", "mime": "image/png", "name": "small_project_440f25b520.png", "path": null, "size": 197.9, "width": 500, "height": 381}, "thumbnail": {"ext": ".png", "url": "/uploads/thumbnail_project_440f25b520_ef0e7b103c.png", "hash": "thumbnail_project_440f25b520_ef0e7b103c", "mime": "image/png", "name": "thumbnail_project_440f25b520.png", "path": null, "size": 42, "width": 205, "height": 156}}	project_440f25b520_ef0e7b103c	.png	image/png	52.47	/uploads/project_440f25b520_ef0e7b103c.png	\N	local	\N	2022-04-24 11:09:40.186	2022-04-24 11:09:40.186	1	1
66	thumbnail_icon_192_8eab90e746.png	thumbnail_icon_192_8eab90e746.png	thumbnail_icon_192_8eab90e746.png	156	156	\N	thumbnail_icon_192_8eab90e746_de729685e2	.png	image/png	6.20	/uploads/thumbnail_icon_192_8eab90e746_de729685e2.png	\N	local	\N	2022-04-24 11:09:40.301	2022-04-24 11:09:40.301	1	1
69	typescript_8c2d3e5d4f.svg	typescript_8c2d3e5d4f.svg	typescript_8c2d3e5d4f.svg	\N	\N	\N	typescript_8c2d3e5d4f_dd278e2b0c	.svg	image/svg+xml	1.84	/uploads/typescript_8c2d3e5d4f_dd278e2b0c.svg	\N	local	\N	2022-04-24 11:09:40.38	2022-04-24 11:09:40.38	1	1
70	thumbnail_project_440f25b520.png	thumbnail_project_440f25b520.png	thumbnail_project_440f25b520.png	205	156	\N	thumbnail_project_440f25b520_82c07e4d1c	.png	image/png	12.04	/uploads/thumbnail_project_440f25b520_82c07e4d1c.png	\N	local	\N	2022-04-24 11:09:40.4	2022-04-24 11:09:40.4	1	1
71	small_project_440f25b520.png	small_project_440f25b520.png	small_project_440f25b520.png	500	381	{"thumbnail": {"ext": ".png", "url": "/uploads/thumbnail_small_project_440f25b520_cc3f32bb05.png", "hash": "thumbnail_small_project_440f25b520_cc3f32bb05", "mime": "image/png", "name": "thumbnail_small_project_440f25b520.png", "path": null, "size": 44.21, "width": 205, "height": 156}}	small_project_440f25b520_cc3f32bb05	.png	image/png	48.01	/uploads/small_project_440f25b520_cc3f32bb05.png	\N	local	\N	2022-04-24 11:09:40.593	2022-04-24 11:09:40.593	1	1
\.


--
-- Data for Name: files_related_morphs; Type: TABLE DATA; Schema: public; Owner: strapi
--

COPY public.files_related_morphs (file_id, related_id, related_type, field, "order") FROM stdin;
70	1	page.about	image	1
54	2	page.tech-icon	icon	1
53	3	page.tech-icon	icon	1
61	4	page.tech-icon	icon	1
47	6	page.tech-icon	icon	1
50	7	page.tech-icon	icon	1
48	5	page.tech-icon	icon	1
57	8	page.tech-icon	icon	1
60	9	page.tech-icon	icon	1
46	10	page.tech-icon	icon	1
69	1	page.tech-icon	icon	1
51	1	api::landing-page.landing-page	logo	1
\.


--
-- Data for Name: i18n_locale; Type: TABLE DATA; Schema: public; Owner: strapi
--

COPY public.i18n_locale (id, name, code, created_at, updated_at, created_by_id, updated_by_id) FROM stdin;
1	English (en)	en	2022-04-24 10:45:35.137	2022-04-24 10:45:35.137	\N	\N
\.


--
-- Data for Name: landing_pages; Type: TABLE DATA; Schema: public; Owner: strapi
--

COPY public.landing_pages (id, created_at, updated_at, published_at, created_by_id, updated_by_id) FROM stdin;
1	2022-04-24 10:59:14.462	2022-04-24 11:13:05.149	\N	1	1
\.


--
-- Data for Name: landing_pages_components; Type: TABLE DATA; Schema: public; Owner: strapi
--

COPY public.landing_pages_components (id, entity_id, component_id, component_type, field, "order") FROM stdin;
19	1	1	page.header	header	1
20	1	1	page.about	about	1
21	1	1	page.tech	tech	1
\.


--
-- Data for Name: strapi_api_tokens; Type: TABLE DATA; Schema: public; Owner: strapi
--

COPY public.strapi_api_tokens (id, name, description, type, access_key, created_at, updated_at, created_by_id, updated_by_id) FROM stdin;
\.


--
-- Data for Name: strapi_core_store_settings; Type: TABLE DATA; Schema: public; Owner: strapi
--

COPY public.strapi_core_store_settings (id, key, value, type, environment, tag) FROM stdin;
28	plugin_content_manager_configuration_content_types::plugin::users-permissions.user	{"uid":"plugin::users-permissions.user","settings":{"bulkable":true,"filterable":true,"searchable":true,"pageSize":10,"mainField":"username","defaultSortBy":"username","defaultSortOrder":"ASC"},"metadatas":{"id":{"edit":{},"list":{"label":"id","searchable":true,"sortable":true}},"username":{"edit":{"label":"username","description":"","placeholder":"","visible":true,"editable":true},"list":{"label":"username","searchable":true,"sortable":true}},"email":{"edit":{"label":"email","description":"","placeholder":"","visible":true,"editable":true},"list":{"label":"email","searchable":true,"sortable":true}},"provider":{"edit":{"label":"provider","description":"","placeholder":"","visible":false,"editable":true},"list":{"label":"provider","searchable":true,"sortable":true}},"password":{"edit":{"label":"password","description":"","placeholder":"","visible":true,"editable":true},"list":{"label":"password","searchable":true,"sortable":true}},"resetPasswordToken":{"edit":{"label":"resetPasswordToken","description":"","placeholder":"","visible":false,"editable":true},"list":{"label":"resetPasswordToken","searchable":true,"sortable":true}},"confirmationToken":{"edit":{"label":"confirmationToken","description":"","placeholder":"","visible":false,"editable":true},"list":{"label":"confirmationToken","searchable":true,"sortable":true}},"confirmed":{"edit":{"label":"confirmed","description":"","placeholder":"","visible":true,"editable":true},"list":{"label":"confirmed","searchable":true,"sortable":true}},"blocked":{"edit":{"label":"blocked","description":"","placeholder":"","visible":true,"editable":true},"list":{"label":"blocked","searchable":true,"sortable":true}},"role":{"edit":{"label":"role","description":"","placeholder":"","visible":true,"editable":true,"mainField":"name"},"list":{"label":"role","searchable":true,"sortable":true}},"createdAt":{"edit":{"label":"createdAt","description":"","placeholder":"","visible":false,"editable":true},"list":{"label":"createdAt","searchable":true,"sortable":true}},"updatedAt":{"edit":{"label":"updatedAt","description":"","placeholder":"","visible":false,"editable":true},"list":{"label":"updatedAt","searchable":true,"sortable":true}}},"layouts":{"list":["id","username","email","confirmed"],"editRelations":["role"],"edit":[[{"name":"username","size":6},{"name":"email","size":6}],[{"name":"password","size":6},{"name":"confirmed","size":4}],[{"name":"blocked","size":4}]]}}	object	\N	\N
8	plugin_content_manager_configuration_components::page.header	{"uid":"page.header","settings":{"bulkable":true,"filterable":true,"searchable":true,"pageSize":10,"mainField":"title","defaultSortBy":"title","defaultSortOrder":"ASC"},"metadatas":{"id":{"edit":{},"list":{"label":"id","searchable":false,"sortable":false}},"title":{"edit":{"label":"title","description":"","placeholder":"","visible":true,"editable":true},"list":{"label":"title","searchable":true,"sortable":true}},"description":{"edit":{"label":"description","description":"","placeholder":"","visible":true,"editable":true},"list":{"label":"description","searchable":true,"sortable":true}},"button":{"edit":{"label":"button","description":"","placeholder":"","visible":true,"editable":true},"list":{"label":"button","searchable":false,"sortable":false}},"image":{"edit":{"label":"image","description":"","placeholder":"","visible":true,"editable":true},"list":{"label":"image","searchable":false,"sortable":false}}},"layouts":{"list":["id","title","description","button"],"edit":[[{"name":"title","size":6},{"name":"description","size":6}],[{"name":"button","size":12}],[{"name":"image","size":6}]],"editRelations":[]},"isComponent":true}	object	\N	\N
25	plugin_content_manager_configuration_content_types::plugin::users-permissions.role	{"uid":"plugin::users-permissions.role","settings":{"bulkable":true,"filterable":true,"searchable":true,"pageSize":10,"mainField":"name","defaultSortBy":"name","defaultSortOrder":"ASC"},"metadatas":{"id":{"edit":{},"list":{"label":"id","searchable":true,"sortable":true}},"name":{"edit":{"label":"name","description":"","placeholder":"","visible":true,"editable":true},"list":{"label":"name","searchable":true,"sortable":true}},"description":{"edit":{"label":"description","description":"","placeholder":"","visible":true,"editable":true},"list":{"label":"description","searchable":true,"sortable":true}},"type":{"edit":{"label":"type","description":"","placeholder":"","visible":true,"editable":true},"list":{"label":"type","searchable":true,"sortable":true}},"permissions":{"edit":{"label":"permissions","description":"","placeholder":"","visible":true,"editable":true,"mainField":"action"},"list":{"label":"permissions","searchable":false,"sortable":false}},"users":{"edit":{"label":"users","description":"","placeholder":"","visible":true,"editable":true,"mainField":"username"},"list":{"label":"users","searchable":false,"sortable":false}},"createdAt":{"edit":{"label":"createdAt","description":"","placeholder":"","visible":false,"editable":true},"list":{"label":"createdAt","searchable":true,"sortable":true}},"updatedAt":{"edit":{"label":"updatedAt","description":"","placeholder":"","visible":false,"editable":true},"list":{"label":"updatedAt","searchable":true,"sortable":true}}},"layouts":{"list":["id","name","description","type"],"editRelations":["permissions","users"],"edit":[[{"name":"name","size":6},{"name":"description","size":6}],[{"name":"type","size":6}]]}}	object	\N	\N
30	plugin_upload_settings	{"sizeOptimization":true,"responsiveDimensions":true,"autoOrientation":false}	object	\N	\N
31	plugin_users-permissions_grant	{"email":{"enabled":true,"icon":"envelope"},"discord":{"enabled":false,"icon":"discord","key":"","secret":"","callback":"api/auth/discord/callback","scope":["identify","email"]},"facebook":{"enabled":false,"icon":"facebook-square","key":"","secret":"","callback":"api/auth/facebook/callback","scope":["email"]},"google":{"enabled":false,"icon":"google","key":"","secret":"","callback":"api/auth/google/callback","scope":["email"]},"github":{"enabled":false,"icon":"github","key":"","secret":"","callback":"api/auth/github/callback","scope":["user","user:email"]},"microsoft":{"enabled":false,"icon":"windows","key":"","secret":"","callback":"api/auth/microsoft/callback","scope":["user.read"]},"twitter":{"enabled":false,"icon":"twitter","key":"","secret":"","callback":"api/auth/twitter/callback"},"instagram":{"enabled":false,"icon":"instagram","key":"","secret":"","callback":"api/auth/instagram/callback","scope":["user_profile"]},"vk":{"enabled":false,"icon":"vk","key":"","secret":"","callback":"api/auth/vk/callback","scope":["email"]},"twitch":{"enabled":false,"icon":"twitch","key":"","secret":"","callback":"api/auth/twitch/callback","scope":["user:read:email"]},"linkedin":{"enabled":false,"icon":"linkedin","key":"","secret":"","callback":"api/auth/linkedin/callback","scope":["r_liteprofile","r_emailaddress"]},"cognito":{"enabled":false,"icon":"aws","key":"","secret":"","subdomain":"my.subdomain.com","callback":"api/auth/cognito/callback","scope":["email","openid","profile"]},"reddit":{"enabled":false,"icon":"reddit","key":"","secret":"","state":true,"callback":"api/auth/reddit/callback","scope":["identity"]},"auth0":{"enabled":false,"icon":"","key":"","secret":"","subdomain":"my-tenant.eu","callback":"api/auth/auth0/callback","scope":["openid","email","profile"]},"cas":{"enabled":false,"icon":"book","key":"","secret":"","callback":"api/auth/cas/callback","scope":["openid email"],"subdomain":"my.subdomain.com/cas"}}	object	\N	\N
32	plugin_users-permissions_email	{"reset_password":{"display":"Email.template.reset_password","icon":"sync","options":{"from":{"name":"Administration Panel","email":"no-reply@strapi.io"},"response_email":"","object":"Reset password","message":"<p>We heard that you lost your password. Sorry about that!</p>\\n\\n<p>But dont worry! You can use the following link to reset your password:</p>\\n<p><%= URL %>?code=<%= TOKEN %></p>\\n\\n<p>Thanks.</p>"}},"email_confirmation":{"display":"Email.template.email_confirmation","icon":"check-square","options":{"from":{"name":"Administration Panel","email":"no-reply@strapi.io"},"response_email":"","object":"Account confirmation","message":"<p>Thank you for registering!</p>\\n\\n<p>You have to confirm your email address. Please click on the link below.</p>\\n\\n<p><%= URL %>?confirmation=<%= CODE %></p>\\n\\n<p>Thanks.</p>"}}}	object	\N	\N
33	plugin_users-permissions_advanced	{"unique_email":true,"allow_register":true,"email_confirmation":false,"email_reset_password":null,"email_confirmation_redirection":null,"default_role":"authenticated"}	object	\N	\N
34	plugin_i18n_default_locale	"en"	string	\N	\N
35	core_admin_auth	{"providers":{"autoRegister":false,"defaultRole":null}}	object	\N	\N
10	plugin_content_manager_configuration_components::page.button	{"uid":"page.button","settings":{"bulkable":true,"filterable":true,"searchable":true,"pageSize":10,"mainField":"label","defaultSortBy":"label","defaultSortOrder":"ASC"},"metadatas":{"id":{"edit":{},"list":{"label":"id","searchable":false,"sortable":false}},"label":{"edit":{"label":"label","description":"","placeholder":"","visible":true,"editable":true},"list":{"label":"label","searchable":true,"sortable":true}},"url":{"edit":{"label":"url","description":"","placeholder":"","visible":true,"editable":true},"list":{"label":"url","searchable":true,"sortable":true}}},"layouts":{"list":["id","label","url"],"edit":[[{"name":"label","size":6},{"name":"url","size":6}]],"editRelations":[]},"isComponent":true}	object	\N	\N
15	plugin_content_manager_configuration_components::page.tech	{"uid":"page.tech","settings":{"bulkable":true,"filterable":true,"searchable":true,"pageSize":10,"mainField":"title","defaultSortBy":"title","defaultSortOrder":"ASC"},"metadatas":{"id":{"edit":{},"list":{"label":"id","searchable":false,"sortable":false}},"title":{"edit":{"label":"title","description":"","placeholder":"","visible":true,"editable":true},"list":{"label":"title","searchable":true,"sortable":true}},"techIcon":{"edit":{"label":"techIcon","description":"","placeholder":"","visible":true,"editable":true},"list":{"label":"techIcon","searchable":false,"sortable":false}}},"layouts":{"list":["id","title","techIcon"],"edit":[[{"name":"title","size":6}],[{"name":"techIcon","size":12}]],"editRelations":[]},"isComponent":true}	object	\N	\N
17	plugin_content_manager_configuration_components::page.tech-icon	{"uid":"page.tech-icon","settings":{"bulkable":true,"filterable":true,"searchable":true,"pageSize":10,"mainField":"title","defaultSortBy":"title","defaultSortOrder":"ASC"},"metadatas":{"id":{"edit":{},"list":{"label":"id","searchable":false,"sortable":false}},"icon":{"edit":{"label":"icon","description":"","placeholder":"","visible":true,"editable":true},"list":{"label":"icon","searchable":false,"sortable":false}},"title":{"edit":{"label":"title","description":"","placeholder":"","visible":true,"editable":true},"list":{"label":"title","searchable":true,"sortable":true}}},"layouts":{"list":["id","icon","title"],"edit":[[{"name":"icon","size":6},{"name":"title","size":6}]],"editRelations":[]},"isComponent":true}	object	\N	\N
19	plugin_content_manager_configuration_content_types::admin::permission	{"uid":"admin::permission","settings":{"bulkable":true,"filterable":true,"searchable":true,"pageSize":10,"mainField":"action","defaultSortBy":"action","defaultSortOrder":"ASC"},"metadatas":{"id":{"edit":{},"list":{"label":"id","searchable":true,"sortable":true}},"action":{"edit":{"label":"action","description":"","placeholder":"","visible":true,"editable":true},"list":{"label":"action","searchable":true,"sortable":true}},"subject":{"edit":{"label":"subject","description":"","placeholder":"","visible":true,"editable":true},"list":{"label":"subject","searchable":true,"sortable":true}},"properties":{"edit":{"label":"properties","description":"","placeholder":"","visible":true,"editable":true},"list":{"label":"properties","searchable":false,"sortable":false}},"conditions":{"edit":{"label":"conditions","description":"","placeholder":"","visible":true,"editable":true},"list":{"label":"conditions","searchable":false,"sortable":false}},"role":{"edit":{"label":"role","description":"","placeholder":"","visible":true,"editable":true,"mainField":"name"},"list":{"label":"role","searchable":true,"sortable":true}},"createdAt":{"edit":{"label":"createdAt","description":"","placeholder":"","visible":false,"editable":true},"list":{"label":"createdAt","searchable":true,"sortable":true}},"updatedAt":{"edit":{"label":"updatedAt","description":"","placeholder":"","visible":false,"editable":true},"list":{"label":"updatedAt","searchable":true,"sortable":true}}},"layouts":{"list":["id","action","subject","role"],"editRelations":["role"],"edit":[[{"name":"action","size":6},{"name":"subject","size":6}],[{"name":"properties","size":12}],[{"name":"conditions","size":12}]]}}	object	\N	\N
27	plugin_content_manager_configuration_content_types::api::landing-page.landing-page	{"uid":"api::landing-page.landing-page","settings":{"bulkable":true,"filterable":true,"searchable":true,"pageSize":10,"mainField":"id","defaultSortBy":"id","defaultSortOrder":"ASC"},"metadatas":{"id":{"edit":{},"list":{"label":"id","searchable":true,"sortable":true}},"logo":{"edit":{"label":"logo","description":"","placeholder":"","visible":true,"editable":true},"list":{"label":"logo","searchable":false,"sortable":false}},"header":{"edit":{"label":"header","description":"","placeholder":"","visible":true,"editable":true},"list":{"label":"header","searchable":false,"sortable":false}},"about":{"edit":{"label":"about","description":"","placeholder":"","visible":true,"editable":true},"list":{"label":"about","searchable":false,"sortable":false}},"tech":{"edit":{"label":"tech","description":"","placeholder":"","visible":true,"editable":true},"list":{"label":"tech","searchable":false,"sortable":false}},"createdAt":{"edit":{"label":"createdAt","description":"","placeholder":"","visible":false,"editable":true},"list":{"label":"createdAt","searchable":true,"sortable":true}},"updatedAt":{"edit":{"label":"updatedAt","description":"","placeholder":"","visible":false,"editable":true},"list":{"label":"updatedAt","searchable":true,"sortable":true}}},"layouts":{"list":["id","logo","header","about"],"edit":[[{"name":"logo","size":6}],[{"name":"header","size":12}],[{"name":"about","size":12}],[{"name":"tech","size":12}]],"editRelations":[]}}	object	\N	\N
20	plugin_content_manager_configuration_content_types::admin::user	{"uid":"admin::user","settings":{"bulkable":true,"filterable":true,"searchable":true,"pageSize":10,"mainField":"firstname","defaultSortBy":"firstname","defaultSortOrder":"ASC"},"metadatas":{"id":{"edit":{},"list":{"label":"id","searchable":true,"sortable":true}},"firstname":{"edit":{"label":"firstname","description":"","placeholder":"","visible":true,"editable":true},"list":{"label":"firstname","searchable":true,"sortable":true}},"lastname":{"edit":{"label":"lastname","description":"","placeholder":"","visible":true,"editable":true},"list":{"label":"lastname","searchable":true,"sortable":true}},"username":{"edit":{"label":"username","description":"","placeholder":"","visible":true,"editable":true},"list":{"label":"username","searchable":true,"sortable":true}},"email":{"edit":{"label":"email","description":"","placeholder":"","visible":true,"editable":true},"list":{"label":"email","searchable":true,"sortable":true}},"password":{"edit":{"label":"password","description":"","placeholder":"","visible":true,"editable":true},"list":{"label":"password","searchable":true,"sortable":true}},"resetPasswordToken":{"edit":{"label":"resetPasswordToken","description":"","placeholder":"","visible":true,"editable":true},"list":{"label":"resetPasswordToken","searchable":true,"sortable":true}},"registrationToken":{"edit":{"label":"registrationToken","description":"","placeholder":"","visible":true,"editable":true},"list":{"label":"registrationToken","searchable":true,"sortable":true}},"isActive":{"edit":{"label":"isActive","description":"","placeholder":"","visible":true,"editable":true},"list":{"label":"isActive","searchable":true,"sortable":true}},"roles":{"edit":{"label":"roles","description":"","placeholder":"","visible":true,"editable":true,"mainField":"name"},"list":{"label":"roles","searchable":false,"sortable":false}},"blocked":{"edit":{"label":"blocked","description":"","placeholder":"","visible":true,"editable":true},"list":{"label":"blocked","searchable":true,"sortable":true}},"preferedLanguage":{"edit":{"label":"preferedLanguage","description":"","placeholder":"","visible":true,"editable":true},"list":{"label":"preferedLanguage","searchable":true,"sortable":true}},"createdAt":{"edit":{"label":"createdAt","description":"","placeholder":"","visible":false,"editable":true},"list":{"label":"createdAt","searchable":true,"sortable":true}},"updatedAt":{"edit":{"label":"updatedAt","description":"","placeholder":"","visible":false,"editable":true},"list":{"label":"updatedAt","searchable":true,"sortable":true}}},"layouts":{"list":["id","firstname","lastname","username"],"editRelations":["roles"],"edit":[[{"name":"firstname","size":6},{"name":"lastname","size":6}],[{"name":"username","size":6},{"name":"email","size":6}],[{"name":"password","size":6},{"name":"resetPasswordToken","size":6}],[{"name":"registrationToken","size":6},{"name":"isActive","size":4}],[{"name":"blocked","size":4},{"name":"preferedLanguage","size":6}]]}}	object	\N	\N
21	plugin_content_manager_configuration_content_types::admin::role	{"uid":"admin::role","settings":{"bulkable":true,"filterable":true,"searchable":true,"pageSize":10,"mainField":"name","defaultSortBy":"name","defaultSortOrder":"ASC"},"metadatas":{"id":{"edit":{},"list":{"label":"id","searchable":true,"sortable":true}},"name":{"edit":{"label":"name","description":"","placeholder":"","visible":true,"editable":true},"list":{"label":"name","searchable":true,"sortable":true}},"code":{"edit":{"label":"code","description":"","placeholder":"","visible":true,"editable":true},"list":{"label":"code","searchable":true,"sortable":true}},"description":{"edit":{"label":"description","description":"","placeholder":"","visible":true,"editable":true},"list":{"label":"description","searchable":true,"sortable":true}},"users":{"edit":{"label":"users","description":"","placeholder":"","visible":true,"editable":true,"mainField":"firstname"},"list":{"label":"users","searchable":false,"sortable":false}},"permissions":{"edit":{"label":"permissions","description":"","placeholder":"","visible":true,"editable":true,"mainField":"action"},"list":{"label":"permissions","searchable":false,"sortable":false}},"createdAt":{"edit":{"label":"createdAt","description":"","placeholder":"","visible":false,"editable":true},"list":{"label":"createdAt","searchable":true,"sortable":true}},"updatedAt":{"edit":{"label":"updatedAt","description":"","placeholder":"","visible":false,"editable":true},"list":{"label":"updatedAt","searchable":true,"sortable":true}}},"layouts":{"list":["id","name","code","description"],"editRelations":["users","permissions"],"edit":[[{"name":"name","size":6},{"name":"code","size":6}],[{"name":"description","size":6}]]}}	object	\N	\N
22	plugin_content_manager_configuration_content_types::admin::api-token	{"uid":"admin::api-token","settings":{"bulkable":true,"filterable":true,"searchable":true,"pageSize":10,"mainField":"name","defaultSortBy":"name","defaultSortOrder":"ASC"},"metadatas":{"id":{"edit":{},"list":{"label":"id","searchable":true,"sortable":true}},"name":{"edit":{"label":"name","description":"","placeholder":"","visible":true,"editable":true},"list":{"label":"name","searchable":true,"sortable":true}},"description":{"edit":{"label":"description","description":"","placeholder":"","visible":true,"editable":true},"list":{"label":"description","searchable":true,"sortable":true}},"type":{"edit":{"label":"type","description":"","placeholder":"","visible":true,"editable":true},"list":{"label":"type","searchable":true,"sortable":true}},"accessKey":{"edit":{"label":"accessKey","description":"","placeholder":"","visible":true,"editable":true},"list":{"label":"accessKey","searchable":true,"sortable":true}},"createdAt":{"edit":{"label":"createdAt","description":"","placeholder":"","visible":false,"editable":true},"list":{"label":"createdAt","searchable":true,"sortable":true}},"updatedAt":{"edit":{"label":"updatedAt","description":"","placeholder":"","visible":false,"editable":true},"list":{"label":"updatedAt","searchable":true,"sortable":true}}},"layouts":{"list":["id","name","description","type"],"editRelations":[],"edit":[[{"name":"name","size":6},{"name":"description","size":6}],[{"name":"type","size":6},{"name":"accessKey","size":6}]]}}	object	\N	\N
23	plugin_content_manager_configuration_content_types::plugin::upload.file	{"uid":"plugin::upload.file","settings":{"bulkable":true,"filterable":true,"searchable":true,"pageSize":10,"mainField":"name","defaultSortBy":"name","defaultSortOrder":"ASC"},"metadatas":{"id":{"edit":{},"list":{"label":"id","searchable":true,"sortable":true}},"name":{"edit":{"label":"name","description":"","placeholder":"","visible":true,"editable":true},"list":{"label":"name","searchable":true,"sortable":true}},"alternativeText":{"edit":{"label":"alternativeText","description":"","placeholder":"","visible":true,"editable":true},"list":{"label":"alternativeText","searchable":true,"sortable":true}},"caption":{"edit":{"label":"caption","description":"","placeholder":"","visible":true,"editable":true},"list":{"label":"caption","searchable":true,"sortable":true}},"width":{"edit":{"label":"width","description":"","placeholder":"","visible":true,"editable":true},"list":{"label":"width","searchable":true,"sortable":true}},"height":{"edit":{"label":"height","description":"","placeholder":"","visible":true,"editable":true},"list":{"label":"height","searchable":true,"sortable":true}},"formats":{"edit":{"label":"formats","description":"","placeholder":"","visible":true,"editable":true},"list":{"label":"formats","searchable":false,"sortable":false}},"hash":{"edit":{"label":"hash","description":"","placeholder":"","visible":true,"editable":true},"list":{"label":"hash","searchable":true,"sortable":true}},"ext":{"edit":{"label":"ext","description":"","placeholder":"","visible":true,"editable":true},"list":{"label":"ext","searchable":true,"sortable":true}},"mime":{"edit":{"label":"mime","description":"","placeholder":"","visible":true,"editable":true},"list":{"label":"mime","searchable":true,"sortable":true}},"size":{"edit":{"label":"size","description":"","placeholder":"","visible":true,"editable":true},"list":{"label":"size","searchable":true,"sortable":true}},"url":{"edit":{"label":"url","description":"","placeholder":"","visible":true,"editable":true},"list":{"label":"url","searchable":true,"sortable":true}},"previewUrl":{"edit":{"label":"previewUrl","description":"","placeholder":"","visible":true,"editable":true},"list":{"label":"previewUrl","searchable":true,"sortable":true}},"provider":{"edit":{"label":"provider","description":"","placeholder":"","visible":true,"editable":true},"list":{"label":"provider","searchable":true,"sortable":true}},"provider_metadata":{"edit":{"label":"provider_metadata","description":"","placeholder":"","visible":true,"editable":true},"list":{"label":"provider_metadata","searchable":false,"sortable":false}},"createdAt":{"edit":{"label":"createdAt","description":"","placeholder":"","visible":false,"editable":true},"list":{"label":"createdAt","searchable":true,"sortable":true}},"updatedAt":{"edit":{"label":"updatedAt","description":"","placeholder":"","visible":false,"editable":true},"list":{"label":"updatedAt","searchable":true,"sortable":true}}},"layouts":{"list":["id","name","alternativeText","caption"],"editRelations":[],"edit":[[{"name":"name","size":6},{"name":"alternativeText","size":6}],[{"name":"caption","size":6},{"name":"width","size":4}],[{"name":"height","size":4}],[{"name":"formats","size":12}],[{"name":"hash","size":6},{"name":"ext","size":6}],[{"name":"mime","size":6},{"name":"size","size":4}],[{"name":"url","size":6},{"name":"previewUrl","size":6}],[{"name":"provider","size":6}],[{"name":"provider_metadata","size":12}]]}}	object	\N	\N
24	plugin_content_manager_configuration_content_types::plugin::users-permissions.permission	{"uid":"plugin::users-permissions.permission","settings":{"bulkable":true,"filterable":true,"searchable":true,"pageSize":10,"mainField":"action","defaultSortBy":"action","defaultSortOrder":"ASC"},"metadatas":{"id":{"edit":{},"list":{"label":"id","searchable":true,"sortable":true}},"action":{"edit":{"label":"action","description":"","placeholder":"","visible":true,"editable":true},"list":{"label":"action","searchable":true,"sortable":true}},"role":{"edit":{"label":"role","description":"","placeholder":"","visible":true,"editable":true,"mainField":"name"},"list":{"label":"role","searchable":true,"sortable":true}},"createdAt":{"edit":{"label":"createdAt","description":"","placeholder":"","visible":false,"editable":true},"list":{"label":"createdAt","searchable":true,"sortable":true}},"updatedAt":{"edit":{"label":"updatedAt","description":"","placeholder":"","visible":false,"editable":true},"list":{"label":"updatedAt","searchable":true,"sortable":true}}},"layouts":{"list":["id","action","role","createdAt"],"editRelations":["role"],"edit":[[{"name":"action","size":6}]]}}	object	\N	\N
26	plugin_content_manager_configuration_content_types::plugin::i18n.locale	{"uid":"plugin::i18n.locale","settings":{"bulkable":true,"filterable":true,"searchable":true,"pageSize":10,"mainField":"name","defaultSortBy":"name","defaultSortOrder":"ASC"},"metadatas":{"id":{"edit":{},"list":{"label":"id","searchable":true,"sortable":true}},"name":{"edit":{"label":"name","description":"","placeholder":"","visible":true,"editable":true},"list":{"label":"name","searchable":true,"sortable":true}},"code":{"edit":{"label":"code","description":"","placeholder":"","visible":true,"editable":true},"list":{"label":"code","searchable":true,"sortable":true}},"createdAt":{"edit":{"label":"createdAt","description":"","placeholder":"","visible":false,"editable":true},"list":{"label":"createdAt","searchable":true,"sortable":true}},"updatedAt":{"edit":{"label":"updatedAt","description":"","placeholder":"","visible":false,"editable":true},"list":{"label":"updatedAt","searchable":true,"sortable":true}}},"layouts":{"list":["id","name","code","createdAt"],"editRelations":[],"edit":[[{"name":"name","size":6},{"name":"code","size":6}]]}}	object	\N	\N
12	plugin_content_manager_configuration_components::page.about	{"uid":"page.about","settings":{"bulkable":true,"filterable":true,"searchable":true,"pageSize":10,"mainField":"title","defaultSortBy":"title","defaultSortOrder":"ASC"},"metadatas":{"id":{"edit":{},"list":{"label":"id","searchable":false,"sortable":false}},"title":{"edit":{"label":"title","description":"","placeholder":"","visible":true,"editable":true},"list":{"label":"title","searchable":true,"sortable":true}},"description":{"edit":{"label":"description","description":"","placeholder":"","visible":true,"editable":true},"list":{"label":"description","searchable":false,"sortable":false}},"image":{"edit":{"label":"image","description":"","placeholder":"","visible":true,"editable":true},"list":{"label":"image","searchable":false,"sortable":false}}},"layouts":{"list":["id","title","image"],"edit":[[{"name":"title","size":6}],[{"name":"description","size":12}],[{"name":"image","size":6}]],"editRelations":[]},"isComponent":true}	object	\N	\N
1	strapi_content_types_schema	{"admin::permission":{"collectionName":"admin_permissions","info":{"name":"Permission","description":"","singularName":"permission","pluralName":"permissions","displayName":"Permission"},"options":{},"pluginOptions":{"content-manager":{"visible":false},"content-type-builder":{"visible":false}},"attributes":{"action":{"type":"string","minLength":1,"configurable":false,"required":true},"subject":{"type":"string","minLength":1,"configurable":false,"required":false},"properties":{"type":"json","configurable":false,"required":false,"default":{}},"conditions":{"type":"json","configurable":false,"required":false,"default":[]},"role":{"configurable":false,"type":"relation","relation":"manyToOne","inversedBy":"permissions","target":"admin::role"},"createdAt":{"type":"datetime"},"updatedAt":{"type":"datetime"},"createdBy":{"type":"relation","relation":"oneToOne","target":"admin::user","configurable":false,"writable":false,"visible":false,"useJoinTable":false,"private":true},"updatedBy":{"type":"relation","relation":"oneToOne","target":"admin::user","configurable":false,"writable":false,"visible":false,"useJoinTable":false,"private":true}},"kind":"collectionType","__schema__":{"collectionName":"admin_permissions","info":{"name":"Permission","description":"","singularName":"permission","pluralName":"permissions","displayName":"Permission"},"options":{},"pluginOptions":{"content-manager":{"visible":false},"content-type-builder":{"visible":false}},"attributes":{"action":{"type":"string","minLength":1,"configurable":false,"required":true},"subject":{"type":"string","minLength":1,"configurable":false,"required":false},"properties":{"type":"json","configurable":false,"required":false,"default":{}},"conditions":{"type":"json","configurable":false,"required":false,"default":[]},"role":{"configurable":false,"type":"relation","relation":"manyToOne","inversedBy":"permissions","target":"admin::role"}},"kind":"collectionType"},"modelType":"contentType","modelName":"permission","connection":"default","uid":"admin::permission","plugin":"admin","globalId":"AdminPermission"},"admin::user":{"collectionName":"admin_users","info":{"name":"User","description":"","singularName":"user","pluralName":"users","displayName":"User"},"pluginOptions":{"content-manager":{"visible":false},"content-type-builder":{"visible":false}},"attributes":{"firstname":{"type":"string","unique":false,"minLength":1,"configurable":false,"required":false},"lastname":{"type":"string","unique":false,"minLength":1,"configurable":false,"required":false},"username":{"type":"string","unique":false,"configurable":false,"required":false},"email":{"type":"email","minLength":6,"configurable":false,"required":true,"unique":true,"private":true},"password":{"type":"password","minLength":6,"configurable":false,"required":false,"private":true},"resetPasswordToken":{"type":"string","configurable":false,"private":true},"registrationToken":{"type":"string","configurable":false,"private":true},"isActive":{"type":"boolean","default":false,"configurable":false,"private":true},"roles":{"configurable":false,"private":true,"type":"relation","relation":"manyToMany","inversedBy":"users","target":"admin::role","collectionName":"strapi_users_roles"},"blocked":{"type":"boolean","default":false,"configurable":false,"private":true},"preferedLanguage":{"type":"string","configurable":false,"required":false},"createdAt":{"type":"datetime"},"updatedAt":{"type":"datetime"},"createdBy":{"type":"relation","relation":"oneToOne","target":"admin::user","configurable":false,"writable":false,"visible":false,"useJoinTable":false,"private":true},"updatedBy":{"type":"relation","relation":"oneToOne","target":"admin::user","configurable":false,"writable":false,"visible":false,"useJoinTable":false,"private":true}},"kind":"collectionType","__schema__":{"collectionName":"admin_users","info":{"name":"User","description":"","singularName":"user","pluralName":"users","displayName":"User"},"pluginOptions":{"content-manager":{"visible":false},"content-type-builder":{"visible":false}},"attributes":{"firstname":{"type":"string","unique":false,"minLength":1,"configurable":false,"required":false},"lastname":{"type":"string","unique":false,"minLength":1,"configurable":false,"required":false},"username":{"type":"string","unique":false,"configurable":false,"required":false},"email":{"type":"email","minLength":6,"configurable":false,"required":true,"unique":true,"private":true},"password":{"type":"password","minLength":6,"configurable":false,"required":false,"private":true},"resetPasswordToken":{"type":"string","configurable":false,"private":true},"registrationToken":{"type":"string","configurable":false,"private":true},"isActive":{"type":"boolean","default":false,"configurable":false,"private":true},"roles":{"configurable":false,"private":true,"type":"relation","relation":"manyToMany","inversedBy":"users","target":"admin::role","collectionName":"strapi_users_roles"},"blocked":{"type":"boolean","default":false,"configurable":false,"private":true},"preferedLanguage":{"type":"string","configurable":false,"required":false}},"kind":"collectionType"},"modelType":"contentType","modelName":"user","connection":"default","uid":"admin::user","plugin":"admin","globalId":"AdminUser"},"admin::role":{"collectionName":"admin_roles","info":{"name":"Role","description":"","singularName":"role","pluralName":"roles","displayName":"Role"},"options":{},"pluginOptions":{"content-manager":{"visible":false},"content-type-builder":{"visible":false}},"attributes":{"name":{"type":"string","minLength":1,"unique":true,"configurable":false,"required":true},"code":{"type":"string","minLength":1,"unique":true,"configurable":false,"required":true},"description":{"type":"string","configurable":false},"users":{"configurable":false,"type":"relation","relation":"manyToMany","mappedBy":"roles","target":"admin::user"},"permissions":{"configurable":false,"type":"relation","relation":"oneToMany","mappedBy":"role","target":"admin::permission"},"createdAt":{"type":"datetime"},"updatedAt":{"type":"datetime"},"createdBy":{"type":"relation","relation":"oneToOne","target":"admin::user","configurable":false,"writable":false,"visible":false,"useJoinTable":false,"private":true},"updatedBy":{"type":"relation","relation":"oneToOne","target":"admin::user","configurable":false,"writable":false,"visible":false,"useJoinTable":false,"private":true}},"kind":"collectionType","__schema__":{"collectionName":"admin_roles","info":{"name":"Role","description":"","singularName":"role","pluralName":"roles","displayName":"Role"},"options":{},"pluginOptions":{"content-manager":{"visible":false},"content-type-builder":{"visible":false}},"attributes":{"name":{"type":"string","minLength":1,"unique":true,"configurable":false,"required":true},"code":{"type":"string","minLength":1,"unique":true,"configurable":false,"required":true},"description":{"type":"string","configurable":false},"users":{"configurable":false,"type":"relation","relation":"manyToMany","mappedBy":"roles","target":"admin::user"},"permissions":{"configurable":false,"type":"relation","relation":"oneToMany","mappedBy":"role","target":"admin::permission"}},"kind":"collectionType"},"modelType":"contentType","modelName":"role","connection":"default","uid":"admin::role","plugin":"admin","globalId":"AdminRole"},"admin::api-token":{"collectionName":"strapi_api_tokens","info":{"name":"Api Token","singularName":"api-token","pluralName":"api-tokens","displayName":"Api Token","description":""},"options":{},"pluginOptions":{"content-manager":{"visible":false},"content-type-builder":{"visible":false}},"attributes":{"name":{"type":"string","minLength":1,"configurable":false,"required":true},"description":{"type":"string","minLength":1,"configurable":false,"required":false,"default":""},"type":{"type":"enumeration","enum":["read-only","full-access"],"configurable":false,"required":false,"default":"read-only"},"accessKey":{"type":"string","minLength":1,"configurable":false,"required":true},"createdAt":{"type":"datetime"},"updatedAt":{"type":"datetime"},"createdBy":{"type":"relation","relation":"oneToOne","target":"admin::user","configurable":false,"writable":false,"visible":false,"useJoinTable":false,"private":true},"updatedBy":{"type":"relation","relation":"oneToOne","target":"admin::user","configurable":false,"writable":false,"visible":false,"useJoinTable":false,"private":true}},"kind":"collectionType","__schema__":{"collectionName":"strapi_api_tokens","info":{"name":"Api Token","singularName":"api-token","pluralName":"api-tokens","displayName":"Api Token","description":""},"options":{},"pluginOptions":{"content-manager":{"visible":false},"content-type-builder":{"visible":false}},"attributes":{"name":{"type":"string","minLength":1,"configurable":false,"required":true},"description":{"type":"string","minLength":1,"configurable":false,"required":false,"default":""},"type":{"type":"enumeration","enum":["read-only","full-access"],"configurable":false,"required":false,"default":"read-only"},"accessKey":{"type":"string","minLength":1,"configurable":false,"required":true}},"kind":"collectionType"},"modelType":"contentType","modelName":"api-token","connection":"default","uid":"admin::api-token","plugin":"admin","globalId":"AdminApiToken"},"api::landing-page.landing-page":{"kind":"singleType","collectionName":"landing_pages","info":{"singularName":"landing-page","pluralName":"landing-pages","displayName":"Landing Page","description":""},"options":{"draftAndPublish":true},"pluginOptions":{},"attributes":{"logo":{"type":"media","multiple":true,"required":true,"allowedTypes":["images"]},"header":{"displayName":"Header","type":"component","repeatable":false,"component":"page.header","required":false},"about":{"displayName":"About","type":"component","repeatable":false,"component":"page.about","required":false},"tech":{"displayName":"Tech","type":"component","repeatable":false,"component":"page.tech","required":false},"createdAt":{"type":"datetime"},"updatedAt":{"type":"datetime"},"publishedAt":{"type":"datetime","configurable":false,"writable":true,"visible":false},"createdBy":{"type":"relation","relation":"oneToOne","target":"admin::user","configurable":false,"writable":false,"visible":false,"useJoinTable":false,"private":true},"updatedBy":{"type":"relation","relation":"oneToOne","target":"admin::user","configurable":false,"writable":false,"visible":false,"useJoinTable":false,"private":true}},"__schema__":{"collectionName":"landing_pages","info":{"singularName":"landing-page","pluralName":"landing-pages","displayName":"Landing Page","description":""},"options":{"draftAndPublish":true},"pluginOptions":{},"attributes":{"logo":{"type":"media","multiple":true,"required":true,"allowedTypes":["images"]},"header":{"displayName":"Header","type":"component","repeatable":false,"component":"page.header","required":false},"about":{"displayName":"About","type":"component","repeatable":false,"component":"page.about","required":false},"tech":{"displayName":"Tech","type":"component","repeatable":false,"component":"page.tech","required":false}},"kind":"singleType"},"modelType":"contentType","modelName":"landing-page","connection":"default","uid":"api::landing-page.landing-page","apiName":"landing-page","globalId":"LandingPage","actions":{},"lifecycles":{}},"plugin::upload.file":{"collectionName":"files","info":{"singularName":"file","pluralName":"files","displayName":"File","description":""},"options":{},"pluginOptions":{"content-manager":{"visible":false},"content-type-builder":{"visible":false}},"attributes":{"name":{"type":"string","configurable":false,"required":true},"alternativeText":{"type":"string","configurable":false},"caption":{"type":"string","configurable":false},"width":{"type":"integer","configurable":false},"height":{"type":"integer","configurable":false},"formats":{"type":"json","configurable":false},"hash":{"type":"string","configurable":false,"required":true},"ext":{"type":"string","configurable":false},"mime":{"type":"string","configurable":false,"required":true},"size":{"type":"decimal","configurable":false,"required":true},"url":{"type":"string","configurable":false,"required":true},"previewUrl":{"type":"string","configurable":false},"provider":{"type":"string","configurable":false,"required":true},"provider_metadata":{"type":"json","configurable":false},"related":{"type":"relation","relation":"morphToMany","configurable":false},"createdAt":{"type":"datetime"},"updatedAt":{"type":"datetime"},"createdBy":{"type":"relation","relation":"oneToOne","target":"admin::user","configurable":false,"writable":false,"visible":false,"useJoinTable":false,"private":true},"updatedBy":{"type":"relation","relation":"oneToOne","target":"admin::user","configurable":false,"writable":false,"visible":false,"useJoinTable":false,"private":true}},"kind":"collectionType","__schema__":{"collectionName":"files","info":{"singularName":"file","pluralName":"files","displayName":"File","description":""},"options":{},"pluginOptions":{"content-manager":{"visible":false},"content-type-builder":{"visible":false}},"attributes":{"name":{"type":"string","configurable":false,"required":true},"alternativeText":{"type":"string","configurable":false},"caption":{"type":"string","configurable":false},"width":{"type":"integer","configurable":false},"height":{"type":"integer","configurable":false},"formats":{"type":"json","configurable":false},"hash":{"type":"string","configurable":false,"required":true},"ext":{"type":"string","configurable":false},"mime":{"type":"string","configurable":false,"required":true},"size":{"type":"decimal","configurable":false,"required":true},"url":{"type":"string","configurable":false,"required":true},"previewUrl":{"type":"string","configurable":false},"provider":{"type":"string","configurable":false,"required":true},"provider_metadata":{"type":"json","configurable":false},"related":{"type":"relation","relation":"morphToMany","configurable":false}},"kind":"collectionType"},"modelType":"contentType","modelName":"file","connection":"default","uid":"plugin::upload.file","plugin":"upload","globalId":"UploadFile"},"plugin::users-permissions.permission":{"collectionName":"up_permissions","info":{"name":"permission","description":"","singularName":"permission","pluralName":"permissions","displayName":"Permission"},"pluginOptions":{"content-manager":{"visible":false},"content-type-builder":{"visible":false}},"attributes":{"action":{"type":"string","required":true,"configurable":false},"role":{"type":"relation","relation":"manyToOne","target":"plugin::users-permissions.role","inversedBy":"permissions","configurable":false},"createdAt":{"type":"datetime"},"updatedAt":{"type":"datetime"},"createdBy":{"type":"relation","relation":"oneToOne","target":"admin::user","configurable":false,"writable":false,"visible":false,"useJoinTable":false,"private":true},"updatedBy":{"type":"relation","relation":"oneToOne","target":"admin::user","configurable":false,"writable":false,"visible":false,"useJoinTable":false,"private":true}},"kind":"collectionType","__schema__":{"collectionName":"up_permissions","info":{"name":"permission","description":"","singularName":"permission","pluralName":"permissions","displayName":"Permission"},"pluginOptions":{"content-manager":{"visible":false},"content-type-builder":{"visible":false}},"attributes":{"action":{"type":"string","required":true,"configurable":false},"role":{"type":"relation","relation":"manyToOne","target":"plugin::users-permissions.role","inversedBy":"permissions","configurable":false}},"kind":"collectionType"},"modelType":"contentType","modelName":"permission","connection":"default","uid":"plugin::users-permissions.permission","plugin":"users-permissions","globalId":"UsersPermissionsPermission"},"plugin::users-permissions.role":{"collectionName":"up_roles","info":{"name":"role","description":"","singularName":"role","pluralName":"roles","displayName":"Role"},"pluginOptions":{"content-manager":{"visible":false},"content-type-builder":{"visible":false}},"attributes":{"name":{"type":"string","minLength":3,"required":true,"configurable":false},"description":{"type":"string","configurable":false},"type":{"type":"string","unique":true,"configurable":false},"permissions":{"type":"relation","relation":"oneToMany","target":"plugin::users-permissions.permission","mappedBy":"role","configurable":false},"users":{"type":"relation","relation":"oneToMany","target":"plugin::users-permissions.user","mappedBy":"role","configurable":false},"createdAt":{"type":"datetime"},"updatedAt":{"type":"datetime"},"createdBy":{"type":"relation","relation":"oneToOne","target":"admin::user","configurable":false,"writable":false,"visible":false,"useJoinTable":false,"private":true},"updatedBy":{"type":"relation","relation":"oneToOne","target":"admin::user","configurable":false,"writable":false,"visible":false,"useJoinTable":false,"private":true}},"kind":"collectionType","__schema__":{"collectionName":"up_roles","info":{"name":"role","description":"","singularName":"role","pluralName":"roles","displayName":"Role"},"pluginOptions":{"content-manager":{"visible":false},"content-type-builder":{"visible":false}},"attributes":{"name":{"type":"string","minLength":3,"required":true,"configurable":false},"description":{"type":"string","configurable":false},"type":{"type":"string","unique":true,"configurable":false},"permissions":{"type":"relation","relation":"oneToMany","target":"plugin::users-permissions.permission","mappedBy":"role","configurable":false},"users":{"type":"relation","relation":"oneToMany","target":"plugin::users-permissions.user","mappedBy":"role","configurable":false}},"kind":"collectionType"},"modelType":"contentType","modelName":"role","connection":"default","uid":"plugin::users-permissions.role","plugin":"users-permissions","globalId":"UsersPermissionsRole"},"plugin::users-permissions.user":{"collectionName":"up_users","info":{"name":"user","description":"","singularName":"user","pluralName":"users","displayName":"User"},"options":{"draftAndPublish":false,"timestamps":true},"attributes":{"username":{"type":"string","minLength":3,"unique":true,"configurable":false,"required":true},"email":{"type":"email","minLength":6,"configurable":false,"required":true},"provider":{"type":"string","configurable":false},"password":{"type":"password","minLength":6,"configurable":false,"private":true},"resetPasswordToken":{"type":"string","configurable":false,"private":true},"confirmationToken":{"type":"string","configurable":false,"private":true},"confirmed":{"type":"boolean","default":false,"configurable":false},"blocked":{"type":"boolean","default":false,"configurable":false},"role":{"type":"relation","relation":"manyToOne","target":"plugin::users-permissions.role","inversedBy":"users","configurable":false},"createdAt":{"type":"datetime"},"updatedAt":{"type":"datetime"},"createdBy":{"type":"relation","relation":"oneToOne","target":"admin::user","configurable":false,"writable":false,"visible":false,"useJoinTable":false,"private":true},"updatedBy":{"type":"relation","relation":"oneToOne","target":"admin::user","configurable":false,"writable":false,"visible":false,"useJoinTable":false,"private":true}},"config":{"attributes":{"resetPasswordToken":{"hidden":true},"confirmationToken":{"hidden":true},"provider":{"hidden":true}}},"kind":"collectionType","__schema__":{"collectionName":"up_users","info":{"name":"user","description":"","singularName":"user","pluralName":"users","displayName":"User"},"options":{"draftAndPublish":false,"timestamps":true},"attributes":{"username":{"type":"string","minLength":3,"unique":true,"configurable":false,"required":true},"email":{"type":"email","minLength":6,"configurable":false,"required":true},"provider":{"type":"string","configurable":false},"password":{"type":"password","minLength":6,"configurable":false,"private":true},"resetPasswordToken":{"type":"string","configurable":false,"private":true},"confirmationToken":{"type":"string","configurable":false,"private":true},"confirmed":{"type":"boolean","default":false,"configurable":false},"blocked":{"type":"boolean","default":false,"configurable":false},"role":{"type":"relation","relation":"manyToOne","target":"plugin::users-permissions.role","inversedBy":"users","configurable":false}},"kind":"collectionType"},"modelType":"contentType","modelName":"user","connection":"default","uid":"plugin::users-permissions.user","plugin":"users-permissions","globalId":"UsersPermissionsUser"},"plugin::i18n.locale":{"info":{"singularName":"locale","pluralName":"locales","collectionName":"locales","displayName":"Locale","description":""},"options":{"draftAndPublish":false},"pluginOptions":{"content-manager":{"visible":false},"content-type-builder":{"visible":false}},"attributes":{"name":{"type":"string","min":1,"max":50,"configurable":false},"code":{"type":"string","unique":true,"configurable":false},"createdAt":{"type":"datetime"},"updatedAt":{"type":"datetime"},"createdBy":{"type":"relation","relation":"oneToOne","target":"admin::user","configurable":false,"writable":false,"visible":false,"useJoinTable":false,"private":true},"updatedBy":{"type":"relation","relation":"oneToOne","target":"admin::user","configurable":false,"writable":false,"visible":false,"useJoinTable":false,"private":true}},"kind":"collectionType","__schema__":{"info":{"singularName":"locale","pluralName":"locales","collectionName":"locales","displayName":"Locale","description":""},"options":{"draftAndPublish":false},"pluginOptions":{"content-manager":{"visible":false},"content-type-builder":{"visible":false}},"attributes":{"name":{"type":"string","min":1,"max":50,"configurable":false},"code":{"type":"string","unique":true,"configurable":false}},"kind":"collectionType"},"modelType":"contentType","modelName":"locale","connection":"default","uid":"plugin::i18n.locale","plugin":"i18n","collectionName":"i18n_locale","globalId":"I18NLocale"}}	object	\N	\N
\.


--
-- Data for Name: strapi_database_schema; Type: TABLE DATA; Schema: public; Owner: strapi
--

COPY public.strapi_database_schema (id, schema, "time", hash) FROM stdin;
2	{"tables":[{"name":"strapi_core_store_settings","indexes":[],"foreignKeys":[],"columns":[{"name":"id","type":"increments","args":[{"primary":true,"primaryKey":true}],"defaultTo":null,"notNullable":true,"unsigned":false},{"name":"key","type":"string","args":[],"defaultTo":null,"notNullable":false,"unsigned":false},{"name":"value","type":"text","args":["longtext"],"defaultTo":null,"notNullable":false,"unsigned":false},{"name":"type","type":"string","args":[],"defaultTo":null,"notNullable":false,"unsigned":false},{"name":"environment","type":"string","args":[],"defaultTo":null,"notNullable":false,"unsigned":false},{"name":"tag","type":"string","args":[],"defaultTo":null,"notNullable":false,"unsigned":false}]},{"name":"strapi_webhooks","indexes":[],"foreignKeys":[],"columns":[{"name":"id","type":"increments","args":[{"primary":true,"primaryKey":true}],"defaultTo":null,"notNullable":true,"unsigned":false},{"name":"name","type":"string","args":[],"defaultTo":null,"notNullable":false,"unsigned":false},{"name":"url","type":"text","args":["longtext"],"defaultTo":null,"notNullable":false,"unsigned":false},{"name":"headers","type":"jsonb","args":[],"defaultTo":null,"notNullable":false,"unsigned":false},{"name":"events","type":"jsonb","args":[],"defaultTo":null,"notNullable":false,"unsigned":false},{"name":"enabled","type":"boolean","args":[],"defaultTo":null,"notNullable":false,"unsigned":false}]},{"name":"admin_permissions","indexes":[{"name":"admin_permissions_created_by_id_fk","columns":["created_by_id"]},{"name":"admin_permissions_updated_by_id_fk","columns":["updated_by_id"]}],"foreignKeys":[{"name":"admin_permissions_created_by_id_fk","columns":["created_by_id"],"referencedTable":"admin_users","referencedColumns":["id"],"onDelete":"SET NULL"},{"name":"admin_permissions_updated_by_id_fk","columns":["updated_by_id"],"referencedTable":"admin_users","referencedColumns":["id"],"onDelete":"SET NULL"}],"columns":[{"name":"id","type":"increments","args":[{"primary":true,"primaryKey":true}],"defaultTo":null,"notNullable":true,"unsigned":false},{"name":"action","type":"string","args":[],"defaultTo":null,"notNullable":false,"unsigned":false},{"name":"subject","type":"string","args":[],"defaultTo":null,"notNullable":false,"unsigned":false},{"name":"properties","type":"jsonb","args":[],"defaultTo":null,"notNullable":false,"unsigned":false},{"name":"conditions","type":"jsonb","args":[],"defaultTo":null,"notNullable":false,"unsigned":false},{"name":"created_at","type":"datetime","args":[{"useTz":false,"precision":6}],"defaultTo":null,"notNullable":false,"unsigned":false},{"name":"updated_at","type":"datetime","args":[{"useTz":false,"precision":6}],"defaultTo":null,"notNullable":false,"unsigned":false},{"name":"created_by_id","type":"integer","args":[],"defaultTo":null,"notNullable":false,"unsigned":true},{"name":"updated_by_id","type":"integer","args":[],"defaultTo":null,"notNullable":false,"unsigned":true}]},{"name":"admin_users","indexes":[{"name":"admin_users_created_by_id_fk","columns":["created_by_id"]},{"name":"admin_users_updated_by_id_fk","columns":["updated_by_id"]}],"foreignKeys":[{"name":"admin_users_created_by_id_fk","columns":["created_by_id"],"referencedTable":"admin_users","referencedColumns":["id"],"onDelete":"SET NULL"},{"name":"admin_users_updated_by_id_fk","columns":["updated_by_id"],"referencedTable":"admin_users","referencedColumns":["id"],"onDelete":"SET NULL"}],"columns":[{"name":"id","type":"increments","args":[{"primary":true,"primaryKey":true}],"defaultTo":null,"notNullable":true,"unsigned":false},{"name":"firstname","type":"string","args":[],"defaultTo":null,"notNullable":false,"unsigned":false},{"name":"lastname","type":"string","args":[],"defaultTo":null,"notNullable":false,"unsigned":false},{"name":"username","type":"string","args":[],"defaultTo":null,"notNullable":false,"unsigned":false},{"name":"email","type":"string","args":[],"defaultTo":null,"notNullable":false,"unsigned":false},{"name":"password","type":"string","args":[],"defaultTo":null,"notNullable":false,"unsigned":false},{"name":"reset_password_token","type":"string","args":[],"defaultTo":null,"notNullable":false,"unsigned":false},{"name":"registration_token","type":"string","args":[],"defaultTo":null,"notNullable":false,"unsigned":false},{"name":"is_active","type":"boolean","args":[],"defaultTo":null,"notNullable":false,"unsigned":false},{"name":"blocked","type":"boolean","args":[],"defaultTo":null,"notNullable":false,"unsigned":false},{"name":"prefered_language","type":"string","args":[],"defaultTo":null,"notNullable":false,"unsigned":false},{"name":"created_at","type":"datetime","args":[{"useTz":false,"precision":6}],"defaultTo":null,"notNullable":false,"unsigned":false},{"name":"updated_at","type":"datetime","args":[{"useTz":false,"precision":6}],"defaultTo":null,"notNullable":false,"unsigned":false},{"name":"created_by_id","type":"integer","args":[],"defaultTo":null,"notNullable":false,"unsigned":true},{"name":"updated_by_id","type":"integer","args":[],"defaultTo":null,"notNullable":false,"unsigned":true}]},{"name":"admin_roles","indexes":[{"name":"admin_roles_created_by_id_fk","columns":["created_by_id"]},{"name":"admin_roles_updated_by_id_fk","columns":["updated_by_id"]}],"foreignKeys":[{"name":"admin_roles_created_by_id_fk","columns":["created_by_id"],"referencedTable":"admin_users","referencedColumns":["id"],"onDelete":"SET NULL"},{"name":"admin_roles_updated_by_id_fk","columns":["updated_by_id"],"referencedTable":"admin_users","referencedColumns":["id"],"onDelete":"SET NULL"}],"columns":[{"name":"id","type":"increments","args":[{"primary":true,"primaryKey":true}],"defaultTo":null,"notNullable":true,"unsigned":false},{"name":"name","type":"string","args":[],"defaultTo":null,"notNullable":false,"unsigned":false},{"name":"code","type":"string","args":[],"defaultTo":null,"notNullable":false,"unsigned":false},{"name":"description","type":"string","args":[],"defaultTo":null,"notNullable":false,"unsigned":false},{"name":"created_at","type":"datetime","args":[{"useTz":false,"precision":6}],"defaultTo":null,"notNullable":false,"unsigned":false},{"name":"updated_at","type":"datetime","args":[{"useTz":false,"precision":6}],"defaultTo":null,"notNullable":false,"unsigned":false},{"name":"created_by_id","type":"integer","args":[],"defaultTo":null,"notNullable":false,"unsigned":true},{"name":"updated_by_id","type":"integer","args":[],"defaultTo":null,"notNullable":false,"unsigned":true}]},{"name":"strapi_api_tokens","indexes":[{"name":"strapi_api_tokens_created_by_id_fk","columns":["created_by_id"]},{"name":"strapi_api_tokens_updated_by_id_fk","columns":["updated_by_id"]}],"foreignKeys":[{"name":"strapi_api_tokens_created_by_id_fk","columns":["created_by_id"],"referencedTable":"admin_users","referencedColumns":["id"],"onDelete":"SET NULL"},{"name":"strapi_api_tokens_updated_by_id_fk","columns":["updated_by_id"],"referencedTable":"admin_users","referencedColumns":["id"],"onDelete":"SET NULL"}],"columns":[{"name":"id","type":"increments","args":[{"primary":true,"primaryKey":true}],"defaultTo":null,"notNullable":true,"unsigned":false},{"name":"name","type":"string","args":[],"defaultTo":null,"notNullable":false,"unsigned":false},{"name":"description","type":"string","args":[],"defaultTo":null,"notNullable":false,"unsigned":false},{"name":"type","type":"string","args":[],"defaultTo":null,"notNullable":false,"unsigned":false},{"name":"access_key","type":"string","args":[],"defaultTo":null,"notNullable":false,"unsigned":false},{"name":"created_at","type":"datetime","args":[{"useTz":false,"precision":6}],"defaultTo":null,"notNullable":false,"unsigned":false},{"name":"updated_at","type":"datetime","args":[{"useTz":false,"precision":6}],"defaultTo":null,"notNullable":false,"unsigned":false},{"name":"created_by_id","type":"integer","args":[],"defaultTo":null,"notNullable":false,"unsigned":true},{"name":"updated_by_id","type":"integer","args":[],"defaultTo":null,"notNullable":false,"unsigned":true}]},{"name":"landing_pages","indexes":[{"name":"landing_pages_created_by_id_fk","columns":["created_by_id"]},{"name":"landing_pages_updated_by_id_fk","columns":["updated_by_id"]}],"foreignKeys":[{"name":"landing_pages_created_by_id_fk","columns":["created_by_id"],"referencedTable":"admin_users","referencedColumns":["id"],"onDelete":"SET NULL"},{"name":"landing_pages_updated_by_id_fk","columns":["updated_by_id"],"referencedTable":"admin_users","referencedColumns":["id"],"onDelete":"SET NULL"}],"columns":[{"name":"id","type":"increments","args":[{"primary":true,"primaryKey":true}],"defaultTo":null,"notNullable":true,"unsigned":false},{"name":"created_at","type":"datetime","args":[{"useTz":false,"precision":6}],"defaultTo":null,"notNullable":false,"unsigned":false},{"name":"updated_at","type":"datetime","args":[{"useTz":false,"precision":6}],"defaultTo":null,"notNullable":false,"unsigned":false},{"name":"published_at","type":"datetime","args":[{"useTz":false,"precision":6}],"defaultTo":null,"notNullable":false,"unsigned":false},{"name":"created_by_id","type":"integer","args":[],"defaultTo":null,"notNullable":false,"unsigned":true},{"name":"updated_by_id","type":"integer","args":[],"defaultTo":null,"notNullable":false,"unsigned":true}]},{"name":"files","indexes":[{"name":"files_created_by_id_fk","columns":["created_by_id"]},{"name":"files_updated_by_id_fk","columns":["updated_by_id"]}],"foreignKeys":[{"name":"files_created_by_id_fk","columns":["created_by_id"],"referencedTable":"admin_users","referencedColumns":["id"],"onDelete":"SET NULL"},{"name":"files_updated_by_id_fk","columns":["updated_by_id"],"referencedTable":"admin_users","referencedColumns":["id"],"onDelete":"SET NULL"}],"columns":[{"name":"id","type":"increments","args":[{"primary":true,"primaryKey":true}],"defaultTo":null,"notNullable":true,"unsigned":false},{"name":"name","type":"string","args":[],"defaultTo":null,"notNullable":false,"unsigned":false},{"name":"alternative_text","type":"string","args":[],"defaultTo":null,"notNullable":false,"unsigned":false},{"name":"caption","type":"string","args":[],"defaultTo":null,"notNullable":false,"unsigned":false},{"name":"width","type":"integer","args":[],"defaultTo":null,"notNullable":false,"unsigned":false},{"name":"height","type":"integer","args":[],"defaultTo":null,"notNullable":false,"unsigned":false},{"name":"formats","type":"jsonb","args":[],"defaultTo":null,"notNullable":false,"unsigned":false},{"name":"hash","type":"string","args":[],"defaultTo":null,"notNullable":false,"unsigned":false},{"name":"ext","type":"string","args":[],"defaultTo":null,"notNullable":false,"unsigned":false},{"name":"mime","type":"string","args":[],"defaultTo":null,"notNullable":false,"unsigned":false},{"name":"size","type":"decimal","args":[10,2],"defaultTo":null,"notNullable":false,"unsigned":false},{"name":"url","type":"string","args":[],"defaultTo":null,"notNullable":false,"unsigned":false},{"name":"preview_url","type":"string","args":[],"defaultTo":null,"notNullable":false,"unsigned":false},{"name":"provider","type":"string","args":[],"defaultTo":null,"notNullable":false,"unsigned":false},{"name":"provider_metadata","type":"jsonb","args":[],"defaultTo":null,"notNullable":false,"unsigned":false},{"name":"created_at","type":"datetime","args":[{"useTz":false,"precision":6}],"defaultTo":null,"notNullable":false,"unsigned":false},{"name":"updated_at","type":"datetime","args":[{"useTz":false,"precision":6}],"defaultTo":null,"notNullable":false,"unsigned":false},{"name":"created_by_id","type":"integer","args":[],"defaultTo":null,"notNullable":false,"unsigned":true},{"name":"updated_by_id","type":"integer","args":[],"defaultTo":null,"notNullable":false,"unsigned":true}]},{"name":"up_permissions","indexes":[{"name":"up_permissions_created_by_id_fk","columns":["created_by_id"]},{"name":"up_permissions_updated_by_id_fk","columns":["updated_by_id"]}],"foreignKeys":[{"name":"up_permissions_created_by_id_fk","columns":["created_by_id"],"referencedTable":"admin_users","referencedColumns":["id"],"onDelete":"SET NULL"},{"name":"up_permissions_updated_by_id_fk","columns":["updated_by_id"],"referencedTable":"admin_users","referencedColumns":["id"],"onDelete":"SET NULL"}],"columns":[{"name":"id","type":"increments","args":[{"primary":true,"primaryKey":true}],"defaultTo":null,"notNullable":true,"unsigned":false},{"name":"action","type":"string","args":[],"defaultTo":null,"notNullable":false,"unsigned":false},{"name":"created_at","type":"datetime","args":[{"useTz":false,"precision":6}],"defaultTo":null,"notNullable":false,"unsigned":false},{"name":"updated_at","type":"datetime","args":[{"useTz":false,"precision":6}],"defaultTo":null,"notNullable":false,"unsigned":false},{"name":"created_by_id","type":"integer","args":[],"defaultTo":null,"notNullable":false,"unsigned":true},{"name":"updated_by_id","type":"integer","args":[],"defaultTo":null,"notNullable":false,"unsigned":true}]},{"name":"up_roles","indexes":[{"name":"up_roles_created_by_id_fk","columns":["created_by_id"]},{"name":"up_roles_updated_by_id_fk","columns":["updated_by_id"]}],"foreignKeys":[{"name":"up_roles_created_by_id_fk","columns":["created_by_id"],"referencedTable":"admin_users","referencedColumns":["id"],"onDelete":"SET NULL"},{"name":"up_roles_updated_by_id_fk","columns":["updated_by_id"],"referencedTable":"admin_users","referencedColumns":["id"],"onDelete":"SET NULL"}],"columns":[{"name":"id","type":"increments","args":[{"primary":true,"primaryKey":true}],"defaultTo":null,"notNullable":true,"unsigned":false},{"name":"name","type":"string","args":[],"defaultTo":null,"notNullable":false,"unsigned":false},{"name":"description","type":"string","args":[],"defaultTo":null,"notNullable":false,"unsigned":false},{"name":"type","type":"string","args":[],"defaultTo":null,"notNullable":false,"unsigned":false},{"name":"created_at","type":"datetime","args":[{"useTz":false,"precision":6}],"defaultTo":null,"notNullable":false,"unsigned":false},{"name":"updated_at","type":"datetime","args":[{"useTz":false,"precision":6}],"defaultTo":null,"notNullable":false,"unsigned":false},{"name":"created_by_id","type":"integer","args":[],"defaultTo":null,"notNullable":false,"unsigned":true},{"name":"updated_by_id","type":"integer","args":[],"defaultTo":null,"notNullable":false,"unsigned":true}]},{"name":"up_users","indexes":[{"name":"up_users_created_by_id_fk","columns":["created_by_id"]},{"name":"up_users_updated_by_id_fk","columns":["updated_by_id"]}],"foreignKeys":[{"name":"up_users_created_by_id_fk","columns":["created_by_id"],"referencedTable":"admin_users","referencedColumns":["id"],"onDelete":"SET NULL"},{"name":"up_users_updated_by_id_fk","columns":["updated_by_id"],"referencedTable":"admin_users","referencedColumns":["id"],"onDelete":"SET NULL"}],"columns":[{"name":"id","type":"increments","args":[{"primary":true,"primaryKey":true}],"defaultTo":null,"notNullable":true,"unsigned":false},{"name":"username","type":"string","args":[],"defaultTo":null,"notNullable":false,"unsigned":false},{"name":"email","type":"string","args":[],"defaultTo":null,"notNullable":false,"unsigned":false},{"name":"provider","type":"string","args":[],"defaultTo":null,"notNullable":false,"unsigned":false},{"name":"password","type":"string","args":[],"defaultTo":null,"notNullable":false,"unsigned":false},{"name":"reset_password_token","type":"string","args":[],"defaultTo":null,"notNullable":false,"unsigned":false},{"name":"confirmation_token","type":"string","args":[],"defaultTo":null,"notNullable":false,"unsigned":false},{"name":"confirmed","type":"boolean","args":[],"defaultTo":null,"notNullable":false,"unsigned":false},{"name":"blocked","type":"boolean","args":[],"defaultTo":null,"notNullable":false,"unsigned":false},{"name":"created_at","type":"datetime","args":[{"useTz":false,"precision":6}],"defaultTo":null,"notNullable":false,"unsigned":false},{"name":"updated_at","type":"datetime","args":[{"useTz":false,"precision":6}],"defaultTo":null,"notNullable":false,"unsigned":false},{"name":"created_by_id","type":"integer","args":[],"defaultTo":null,"notNullable":false,"unsigned":true},{"name":"updated_by_id","type":"integer","args":[],"defaultTo":null,"notNullable":false,"unsigned":true}]},{"name":"i18n_locale","indexes":[{"name":"i18n_locale_created_by_id_fk","columns":["created_by_id"]},{"name":"i18n_locale_updated_by_id_fk","columns":["updated_by_id"]}],"foreignKeys":[{"name":"i18n_locale_created_by_id_fk","columns":["created_by_id"],"referencedTable":"admin_users","referencedColumns":["id"],"onDelete":"SET NULL"},{"name":"i18n_locale_updated_by_id_fk","columns":["updated_by_id"],"referencedTable":"admin_users","referencedColumns":["id"],"onDelete":"SET NULL"}],"columns":[{"name":"id","type":"increments","args":[{"primary":true,"primaryKey":true}],"defaultTo":null,"notNullable":true,"unsigned":false},{"name":"name","type":"string","args":[],"defaultTo":null,"notNullable":false,"unsigned":false},{"name":"code","type":"string","args":[],"defaultTo":null,"notNullable":false,"unsigned":false},{"name":"created_at","type":"datetime","args":[{"useTz":false,"precision":6}],"defaultTo":null,"notNullable":false,"unsigned":false},{"name":"updated_at","type":"datetime","args":[{"useTz":false,"precision":6}],"defaultTo":null,"notNullable":false,"unsigned":false},{"name":"created_by_id","type":"integer","args":[],"defaultTo":null,"notNullable":false,"unsigned":true},{"name":"updated_by_id","type":"integer","args":[],"defaultTo":null,"notNullable":false,"unsigned":true}]},{"name":"components_page_abouts","indexes":[],"foreignKeys":[],"columns":[{"name":"id","type":"increments","args":[{"primary":true,"primaryKey":true}],"defaultTo":null,"notNullable":true,"unsigned":false},{"name":"title","type":"string","args":[],"defaultTo":null,"notNullable":false,"unsigned":false},{"name":"description","type":"text","args":["longtext"],"defaultTo":null,"notNullable":false,"unsigned":false}]},{"name":"components_page_buttons","indexes":[],"foreignKeys":[],"columns":[{"name":"id","type":"increments","args":[{"primary":true,"primaryKey":true}],"defaultTo":null,"notNullable":true,"unsigned":false},{"name":"label","type":"string","args":[],"defaultTo":null,"notNullable":false,"unsigned":false},{"name":"url","type":"string","args":[],"defaultTo":null,"notNullable":false,"unsigned":false}]},{"name":"components_page_headers","indexes":[],"foreignKeys":[],"columns":[{"name":"id","type":"increments","args":[{"primary":true,"primaryKey":true}],"defaultTo":null,"notNullable":true,"unsigned":false},{"name":"title","type":"string","args":[],"defaultTo":null,"notNullable":false,"unsigned":false},{"name":"description","type":"text","args":["longtext"],"defaultTo":null,"notNullable":false,"unsigned":false}]},{"name":"components_page_tech_icons","indexes":[],"foreignKeys":[],"columns":[{"name":"id","type":"increments","args":[{"primary":true,"primaryKey":true}],"defaultTo":null,"notNullable":true,"unsigned":false},{"name":"title","type":"string","args":[],"defaultTo":null,"notNullable":false,"unsigned":false}]},{"name":"components_page_teches","indexes":[],"foreignKeys":[],"columns":[{"name":"id","type":"increments","args":[{"primary":true,"primaryKey":true}],"defaultTo":null,"notNullable":true,"unsigned":false},{"name":"title","type":"string","args":[],"defaultTo":null,"notNullable":false,"unsigned":false}]},{"name":"admin_permissions_role_links","indexes":[{"name":"admin_permissions_role_links_fk","columns":["permission_id"]},{"name":"admin_permissions_role_links_inv_fk","columns":["role_id"]}],"foreignKeys":[{"name":"admin_permissions_role_links_fk","columns":["permission_id"],"referencedColumns":["id"],"referencedTable":"admin_permissions","onDelete":"CASCADE"},{"name":"admin_permissions_role_links_inv_fk","columns":["role_id"],"referencedColumns":["id"],"referencedTable":"admin_roles","onDelete":"CASCADE"}],"columns":[{"name":"permission_id","type":"integer","args":[],"defaultTo":null,"notNullable":false,"unsigned":true},{"name":"role_id","type":"integer","args":[],"defaultTo":null,"notNullable":false,"unsigned":true}]},{"name":"admin_users_roles_links","indexes":[{"name":"admin_users_roles_links_fk","columns":["user_id"]},{"name":"admin_users_roles_links_inv_fk","columns":["role_id"]}],"foreignKeys":[{"name":"admin_users_roles_links_fk","columns":["user_id"],"referencedColumns":["id"],"referencedTable":"admin_users","onDelete":"CASCADE"},{"name":"admin_users_roles_links_inv_fk","columns":["role_id"],"referencedColumns":["id"],"referencedTable":"admin_roles","onDelete":"CASCADE"}],"columns":[{"name":"user_id","type":"integer","args":[],"defaultTo":null,"notNullable":false,"unsigned":true},{"name":"role_id","type":"integer","args":[],"defaultTo":null,"notNullable":false,"unsigned":true}]},{"name":"landing_pages_components","indexes":[{"name":"landing_pages_field_index","columns":["field"],"type":null},{"name":"landing_pages_component_type_index","columns":["component_type"],"type":null},{"name":"landing_pages_entity_fk","columns":["entity_id"]}],"foreignKeys":[{"name":"landing_pages_entity_fk","columns":["entity_id"],"referencedColumns":["id"],"referencedTable":"landing_pages","onDelete":"CASCADE"}],"columns":[{"name":"id","type":"increments","args":[{"primary":true,"primaryKey":true}],"defaultTo":null,"notNullable":true,"unsigned":false},{"name":"entity_id","type":"integer","args":[],"defaultTo":null,"notNullable":false,"unsigned":true},{"name":"component_id","type":"integer","args":[],"defaultTo":null,"notNullable":false,"unsigned":true},{"name":"component_type","type":"string","args":[],"defaultTo":null,"notNullable":false,"unsigned":false},{"name":"field","type":"string","args":[],"defaultTo":null,"notNullable":false,"unsigned":false},{"name":"order","type":"integer","args":[],"defaultTo":0,"notNullable":false,"unsigned":true}]},{"name":"files_related_morphs","indexes":[{"name":"files_related_morphs_fk","columns":["file_id"]}],"foreignKeys":[{"name":"files_related_morphs_fk","columns":["file_id"],"referencedColumns":["id"],"referencedTable":"files","onDelete":"CASCADE"}],"columns":[{"name":"file_id","type":"integer","args":[],"defaultTo":null,"notNullable":false,"unsigned":true},{"name":"related_id","type":"integer","args":[],"defaultTo":null,"notNullable":false,"unsigned":true},{"name":"related_type","type":"string","args":[],"defaultTo":null,"notNullable":false,"unsigned":false},{"name":"field","type":"string","args":[],"defaultTo":null,"notNullable":false,"unsigned":false},{"name":"order","type":"integer","args":[],"defaultTo":null,"notNullable":false,"unsigned":true}]},{"name":"up_permissions_role_links","indexes":[{"name":"up_permissions_role_links_fk","columns":["permission_id"]},{"name":"up_permissions_role_links_inv_fk","columns":["role_id"]}],"foreignKeys":[{"name":"up_permissions_role_links_fk","columns":["permission_id"],"referencedColumns":["id"],"referencedTable":"up_permissions","onDelete":"CASCADE"},{"name":"up_permissions_role_links_inv_fk","columns":["role_id"],"referencedColumns":["id"],"referencedTable":"up_roles","onDelete":"CASCADE"}],"columns":[{"name":"permission_id","type":"integer","args":[],"defaultTo":null,"notNullable":false,"unsigned":true},{"name":"role_id","type":"integer","args":[],"defaultTo":null,"notNullable":false,"unsigned":true}]},{"name":"up_users_role_links","indexes":[{"name":"up_users_role_links_fk","columns":["user_id"]},{"name":"up_users_role_links_inv_fk","columns":["role_id"]}],"foreignKeys":[{"name":"up_users_role_links_fk","columns":["user_id"],"referencedColumns":["id"],"referencedTable":"up_users","onDelete":"CASCADE"},{"name":"up_users_role_links_inv_fk","columns":["role_id"],"referencedColumns":["id"],"referencedTable":"up_roles","onDelete":"CASCADE"}],"columns":[{"name":"user_id","type":"integer","args":[],"defaultTo":null,"notNullable":false,"unsigned":true},{"name":"role_id","type":"integer","args":[],"defaultTo":null,"notNullable":false,"unsigned":true}]},{"name":"components_page_headers_components","indexes":[{"name":"components_page_headers_field_index","columns":["field"],"type":null},{"name":"components_page_headers_component_type_index","columns":["component_type"],"type":null},{"name":"components_page_headers_entity_fk","columns":["entity_id"]}],"foreignKeys":[{"name":"components_page_headers_entity_fk","columns":["entity_id"],"referencedColumns":["id"],"referencedTable":"components_page_headers","onDelete":"CASCADE"}],"columns":[{"name":"id","type":"increments","args":[{"primary":true,"primaryKey":true}],"defaultTo":null,"notNullable":true,"unsigned":false},{"name":"entity_id","type":"integer","args":[],"defaultTo":null,"notNullable":false,"unsigned":true},{"name":"component_id","type":"integer","args":[],"defaultTo":null,"notNullable":false,"unsigned":true},{"name":"component_type","type":"string","args":[],"defaultTo":null,"notNullable":false,"unsigned":false},{"name":"field","type":"string","args":[],"defaultTo":null,"notNullable":false,"unsigned":false},{"name":"order","type":"integer","args":[],"defaultTo":0,"notNullable":false,"unsigned":true}]},{"name":"components_page_teches_components","indexes":[{"name":"components_page_teches_field_index","columns":["field"],"type":null},{"name":"components_page_teches_component_type_index","columns":["component_type"],"type":null},{"name":"components_page_teches_entity_fk","columns":["entity_id"]}],"foreignKeys":[{"name":"components_page_teches_entity_fk","columns":["entity_id"],"referencedColumns":["id"],"referencedTable":"components_page_teches","onDelete":"CASCADE"}],"columns":[{"name":"id","type":"increments","args":[{"primary":true,"primaryKey":true}],"defaultTo":null,"notNullable":true,"unsigned":false},{"name":"entity_id","type":"integer","args":[],"defaultTo":null,"notNullable":false,"unsigned":true},{"name":"component_id","type":"integer","args":[],"defaultTo":null,"notNullable":false,"unsigned":true},{"name":"component_type","type":"string","args":[],"defaultTo":null,"notNullable":false,"unsigned":false},{"name":"field","type":"string","args":[],"defaultTo":null,"notNullable":false,"unsigned":false},{"name":"order","type":"integer","args":[],"defaultTo":0,"notNullable":false,"unsigned":true}]}]}	2022-04-24 11:08:13.326	e41662a964343d959afdd3ac92831e2b
\.


--
-- Data for Name: strapi_migrations; Type: TABLE DATA; Schema: public; Owner: strapi
--

COPY public.strapi_migrations (id, name, "time") FROM stdin;
\.


--
-- Data for Name: strapi_webhooks; Type: TABLE DATA; Schema: public; Owner: strapi
--

COPY public.strapi_webhooks (id, name, url, headers, events, enabled) FROM stdin;
\.


--
-- Data for Name: up_permissions; Type: TABLE DATA; Schema: public; Owner: strapi
--

COPY public.up_permissions (id, action, created_at, updated_at, created_by_id, updated_by_id) FROM stdin;
1	plugin::users-permissions.auth.connect	2022-04-24 10:45:35.119	2022-04-24 10:45:35.119	\N	\N
2	plugin::users-permissions.user.me	2022-04-24 10:45:35.119	2022-04-24 10:45:35.119	\N	\N
7	plugin::users-permissions.auth.connect	2022-04-24 10:45:35.124	2022-04-24 10:45:35.124	\N	\N
5	plugin::users-permissions.auth.callback	2022-04-24 10:45:35.124	2022-04-24 10:45:35.124	\N	\N
9	plugin::users-permissions.auth.register	2022-04-24 10:45:35.124	2022-04-24 10:45:35.124	\N	\N
11	plugin::users-permissions.user.me	2022-04-24 10:45:35.124	2022-04-24 10:45:35.124	\N	\N
\.


--
-- Data for Name: up_permissions_role_links; Type: TABLE DATA; Schema: public; Owner: strapi
--

COPY public.up_permissions_role_links (permission_id, role_id) FROM stdin;
1	1
2	1
7	2
5	2
9	2
11	2
\.


--
-- Data for Name: up_roles; Type: TABLE DATA; Schema: public; Owner: strapi
--

COPY public.up_roles (id, name, description, type, created_at, updated_at, created_by_id, updated_by_id) FROM stdin;
1	Authenticated	Default role given to authenticated user.	authenticated	2022-04-24 10:45:35.109	2022-04-24 10:45:35.109	\N	\N
2	Public	Default role given to unauthenticated user.	public	2022-04-24 10:45:35.113	2022-04-24 10:45:35.113	\N	\N
\.


--
-- Data for Name: up_users; Type: TABLE DATA; Schema: public; Owner: strapi
--

COPY public.up_users (id, username, email, provider, password, reset_password_token, confirmation_token, confirmed, blocked, created_at, updated_at, created_by_id, updated_by_id) FROM stdin;
\.


--
-- Data for Name: up_users_role_links; Type: TABLE DATA; Schema: public; Owner: strapi
--

COPY public.up_users_role_links (user_id, role_id) FROM stdin;
\.


--
-- Name: admin_permissions_id_seq; Type: SEQUENCE SET; Schema: public; Owner: strapi
--

SELECT pg_catalog.setval('public.admin_permissions_id_seq', 89, true);


--
-- Name: admin_roles_id_seq; Type: SEQUENCE SET; Schema: public; Owner: strapi
--

SELECT pg_catalog.setval('public.admin_roles_id_seq', 3, true);


--
-- Name: admin_users_id_seq; Type: SEQUENCE SET; Schema: public; Owner: strapi
--

SELECT pg_catalog.setval('public.admin_users_id_seq', 1, true);


--
-- Name: components_page_abouts_id_seq; Type: SEQUENCE SET; Schema: public; Owner: strapi
--

SELECT pg_catalog.setval('public.components_page_abouts_id_seq', 1, true);


--
-- Name: components_page_buttons_id_seq; Type: SEQUENCE SET; Schema: public; Owner: strapi
--

SELECT pg_catalog.setval('public.components_page_buttons_id_seq', 1, true);


--
-- Name: components_page_headers_components_id_seq; Type: SEQUENCE SET; Schema: public; Owner: strapi
--

SELECT pg_catalog.setval('public.components_page_headers_components_id_seq', 6, true);


--
-- Name: components_page_headers_id_seq; Type: SEQUENCE SET; Schema: public; Owner: strapi
--

SELECT pg_catalog.setval('public.components_page_headers_id_seq', 1, true);


--
-- Name: components_page_tech_icons_id_seq; Type: SEQUENCE SET; Schema: public; Owner: strapi
--

SELECT pg_catalog.setval('public.components_page_tech_icons_id_seq', 10, true);


--
-- Name: components_page_teches_components_id_seq; Type: SEQUENCE SET; Schema: public; Owner: strapi
--

SELECT pg_catalog.setval('public.components_page_teches_components_id_seq', 13, true);


--
-- Name: components_page_teches_id_seq; Type: SEQUENCE SET; Schema: public; Owner: strapi
--

SELECT pg_catalog.setval('public.components_page_teches_id_seq', 1, true);


--
-- Name: files_id_seq; Type: SEQUENCE SET; Schema: public; Owner: strapi
--

SELECT pg_catalog.setval('public.files_id_seq', 71, true);


--
-- Name: i18n_locale_id_seq; Type: SEQUENCE SET; Schema: public; Owner: strapi
--

SELECT pg_catalog.setval('public.i18n_locale_id_seq', 1, true);


--
-- Name: landing_pages_components_id_seq; Type: SEQUENCE SET; Schema: public; Owner: strapi
--

SELECT pg_catalog.setval('public.landing_pages_components_id_seq', 21, true);


--
-- Name: landing_pages_id_seq; Type: SEQUENCE SET; Schema: public; Owner: strapi
--

SELECT pg_catalog.setval('public.landing_pages_id_seq', 1, true);


--
-- Name: strapi_api_tokens_id_seq; Type: SEQUENCE SET; Schema: public; Owner: strapi
--

SELECT pg_catalog.setval('public.strapi_api_tokens_id_seq', 1, false);


--
-- Name: strapi_core_store_settings_id_seq; Type: SEQUENCE SET; Schema: public; Owner: strapi
--

SELECT pg_catalog.setval('public.strapi_core_store_settings_id_seq', 35, true);


--
-- Name: strapi_database_schema_id_seq; Type: SEQUENCE SET; Schema: public; Owner: strapi
--

SELECT pg_catalog.setval('public.strapi_database_schema_id_seq', 2, true);


--
-- Name: strapi_migrations_id_seq; Type: SEQUENCE SET; Schema: public; Owner: strapi
--

SELECT pg_catalog.setval('public.strapi_migrations_id_seq', 1, false);


--
-- Name: strapi_webhooks_id_seq; Type: SEQUENCE SET; Schema: public; Owner: strapi
--

SELECT pg_catalog.setval('public.strapi_webhooks_id_seq', 1, false);


--
-- Name: up_permissions_id_seq; Type: SEQUENCE SET; Schema: public; Owner: strapi
--

SELECT pg_catalog.setval('public.up_permissions_id_seq', 11, true);


--
-- Name: up_roles_id_seq; Type: SEQUENCE SET; Schema: public; Owner: strapi
--

SELECT pg_catalog.setval('public.up_roles_id_seq', 2, true);


--
-- Name: up_users_id_seq; Type: SEQUENCE SET; Schema: public; Owner: strapi
--

SELECT pg_catalog.setval('public.up_users_id_seq', 1, false);


--
-- Name: admin_permissions admin_permissions_pkey; Type: CONSTRAINT; Schema: public; Owner: strapi
--

ALTER TABLE ONLY public.admin_permissions
    ADD CONSTRAINT admin_permissions_pkey PRIMARY KEY (id);


--
-- Name: admin_roles admin_roles_pkey; Type: CONSTRAINT; Schema: public; Owner: strapi
--

ALTER TABLE ONLY public.admin_roles
    ADD CONSTRAINT admin_roles_pkey PRIMARY KEY (id);


--
-- Name: admin_users admin_users_pkey; Type: CONSTRAINT; Schema: public; Owner: strapi
--

ALTER TABLE ONLY public.admin_users
    ADD CONSTRAINT admin_users_pkey PRIMARY KEY (id);


--
-- Name: components_page_abouts components_page_abouts_pkey; Type: CONSTRAINT; Schema: public; Owner: strapi
--

ALTER TABLE ONLY public.components_page_abouts
    ADD CONSTRAINT components_page_abouts_pkey PRIMARY KEY (id);


--
-- Name: components_page_buttons components_page_buttons_pkey; Type: CONSTRAINT; Schema: public; Owner: strapi
--

ALTER TABLE ONLY public.components_page_buttons
    ADD CONSTRAINT components_page_buttons_pkey PRIMARY KEY (id);


--
-- Name: components_page_headers_components components_page_headers_components_pkey; Type: CONSTRAINT; Schema: public; Owner: strapi
--

ALTER TABLE ONLY public.components_page_headers_components
    ADD CONSTRAINT components_page_headers_components_pkey PRIMARY KEY (id);


--
-- Name: components_page_headers components_page_headers_pkey; Type: CONSTRAINT; Schema: public; Owner: strapi
--

ALTER TABLE ONLY public.components_page_headers
    ADD CONSTRAINT components_page_headers_pkey PRIMARY KEY (id);


--
-- Name: components_page_tech_icons components_page_tech_icons_pkey; Type: CONSTRAINT; Schema: public; Owner: strapi
--

ALTER TABLE ONLY public.components_page_tech_icons
    ADD CONSTRAINT components_page_tech_icons_pkey PRIMARY KEY (id);


--
-- Name: components_page_teches_components components_page_teches_components_pkey; Type: CONSTRAINT; Schema: public; Owner: strapi
--

ALTER TABLE ONLY public.components_page_teches_components
    ADD CONSTRAINT components_page_teches_components_pkey PRIMARY KEY (id);


--
-- Name: components_page_teches components_page_teches_pkey; Type: CONSTRAINT; Schema: public; Owner: strapi
--

ALTER TABLE ONLY public.components_page_teches
    ADD CONSTRAINT components_page_teches_pkey PRIMARY KEY (id);


--
-- Name: files files_pkey; Type: CONSTRAINT; Schema: public; Owner: strapi
--

ALTER TABLE ONLY public.files
    ADD CONSTRAINT files_pkey PRIMARY KEY (id);


--
-- Name: i18n_locale i18n_locale_pkey; Type: CONSTRAINT; Schema: public; Owner: strapi
--

ALTER TABLE ONLY public.i18n_locale
    ADD CONSTRAINT i18n_locale_pkey PRIMARY KEY (id);


--
-- Name: landing_pages_components landing_pages_components_pkey; Type: CONSTRAINT; Schema: public; Owner: strapi
--

ALTER TABLE ONLY public.landing_pages_components
    ADD CONSTRAINT landing_pages_components_pkey PRIMARY KEY (id);


--
-- Name: landing_pages landing_pages_pkey; Type: CONSTRAINT; Schema: public; Owner: strapi
--

ALTER TABLE ONLY public.landing_pages
    ADD CONSTRAINT landing_pages_pkey PRIMARY KEY (id);


--
-- Name: strapi_api_tokens strapi_api_tokens_pkey; Type: CONSTRAINT; Schema: public; Owner: strapi
--

ALTER TABLE ONLY public.strapi_api_tokens
    ADD CONSTRAINT strapi_api_tokens_pkey PRIMARY KEY (id);


--
-- Name: strapi_core_store_settings strapi_core_store_settings_pkey; Type: CONSTRAINT; Schema: public; Owner: strapi
--

ALTER TABLE ONLY public.strapi_core_store_settings
    ADD CONSTRAINT strapi_core_store_settings_pkey PRIMARY KEY (id);


--
-- Name: strapi_database_schema strapi_database_schema_pkey; Type: CONSTRAINT; Schema: public; Owner: strapi
--

ALTER TABLE ONLY public.strapi_database_schema
    ADD CONSTRAINT strapi_database_schema_pkey PRIMARY KEY (id);


--
-- Name: strapi_migrations strapi_migrations_pkey; Type: CONSTRAINT; Schema: public; Owner: strapi
--

ALTER TABLE ONLY public.strapi_migrations
    ADD CONSTRAINT strapi_migrations_pkey PRIMARY KEY (id);


--
-- Name: strapi_webhooks strapi_webhooks_pkey; Type: CONSTRAINT; Schema: public; Owner: strapi
--

ALTER TABLE ONLY public.strapi_webhooks
    ADD CONSTRAINT strapi_webhooks_pkey PRIMARY KEY (id);


--
-- Name: up_permissions up_permissions_pkey; Type: CONSTRAINT; Schema: public; Owner: strapi
--

ALTER TABLE ONLY public.up_permissions
    ADD CONSTRAINT up_permissions_pkey PRIMARY KEY (id);


--
-- Name: up_roles up_roles_pkey; Type: CONSTRAINT; Schema: public; Owner: strapi
--

ALTER TABLE ONLY public.up_roles
    ADD CONSTRAINT up_roles_pkey PRIMARY KEY (id);


--
-- Name: up_users up_users_pkey; Type: CONSTRAINT; Schema: public; Owner: strapi
--

ALTER TABLE ONLY public.up_users
    ADD CONSTRAINT up_users_pkey PRIMARY KEY (id);


--
-- Name: admin_permissions_created_by_id_fk; Type: INDEX; Schema: public; Owner: strapi
--

CREATE INDEX admin_permissions_created_by_id_fk ON public.admin_permissions USING btree (created_by_id);


--
-- Name: admin_permissions_role_links_fk; Type: INDEX; Schema: public; Owner: strapi
--

CREATE INDEX admin_permissions_role_links_fk ON public.admin_permissions_role_links USING btree (permission_id);


--
-- Name: admin_permissions_role_links_inv_fk; Type: INDEX; Schema: public; Owner: strapi
--

CREATE INDEX admin_permissions_role_links_inv_fk ON public.admin_permissions_role_links USING btree (role_id);


--
-- Name: admin_permissions_updated_by_id_fk; Type: INDEX; Schema: public; Owner: strapi
--

CREATE INDEX admin_permissions_updated_by_id_fk ON public.admin_permissions USING btree (updated_by_id);


--
-- Name: admin_roles_created_by_id_fk; Type: INDEX; Schema: public; Owner: strapi
--

CREATE INDEX admin_roles_created_by_id_fk ON public.admin_roles USING btree (created_by_id);


--
-- Name: admin_roles_updated_by_id_fk; Type: INDEX; Schema: public; Owner: strapi
--

CREATE INDEX admin_roles_updated_by_id_fk ON public.admin_roles USING btree (updated_by_id);


--
-- Name: admin_users_created_by_id_fk; Type: INDEX; Schema: public; Owner: strapi
--

CREATE INDEX admin_users_created_by_id_fk ON public.admin_users USING btree (created_by_id);


--
-- Name: admin_users_roles_links_fk; Type: INDEX; Schema: public; Owner: strapi
--

CREATE INDEX admin_users_roles_links_fk ON public.admin_users_roles_links USING btree (user_id);


--
-- Name: admin_users_roles_links_inv_fk; Type: INDEX; Schema: public; Owner: strapi
--

CREATE INDEX admin_users_roles_links_inv_fk ON public.admin_users_roles_links USING btree (role_id);


--
-- Name: admin_users_updated_by_id_fk; Type: INDEX; Schema: public; Owner: strapi
--

CREATE INDEX admin_users_updated_by_id_fk ON public.admin_users USING btree (updated_by_id);


--
-- Name: components_page_headers_component_type_index; Type: INDEX; Schema: public; Owner: strapi
--

CREATE INDEX components_page_headers_component_type_index ON public.components_page_headers_components USING btree (component_type);


--
-- Name: components_page_headers_entity_fk; Type: INDEX; Schema: public; Owner: strapi
--

CREATE INDEX components_page_headers_entity_fk ON public.components_page_headers_components USING btree (entity_id);


--
-- Name: components_page_headers_field_index; Type: INDEX; Schema: public; Owner: strapi
--

CREATE INDEX components_page_headers_field_index ON public.components_page_headers_components USING btree (field);


--
-- Name: components_page_teches_component_type_index; Type: INDEX; Schema: public; Owner: strapi
--

CREATE INDEX components_page_teches_component_type_index ON public.components_page_teches_components USING btree (component_type);


--
-- Name: components_page_teches_entity_fk; Type: INDEX; Schema: public; Owner: strapi
--

CREATE INDEX components_page_teches_entity_fk ON public.components_page_teches_components USING btree (entity_id);


--
-- Name: components_page_teches_field_index; Type: INDEX; Schema: public; Owner: strapi
--

CREATE INDEX components_page_teches_field_index ON public.components_page_teches_components USING btree (field);


--
-- Name: files_created_by_id_fk; Type: INDEX; Schema: public; Owner: strapi
--

CREATE INDEX files_created_by_id_fk ON public.files USING btree (created_by_id);


--
-- Name: files_related_morphs_fk; Type: INDEX; Schema: public; Owner: strapi
--

CREATE INDEX files_related_morphs_fk ON public.files_related_morphs USING btree (file_id);


--
-- Name: files_updated_by_id_fk; Type: INDEX; Schema: public; Owner: strapi
--

CREATE INDEX files_updated_by_id_fk ON public.files USING btree (updated_by_id);


--
-- Name: i18n_locale_created_by_id_fk; Type: INDEX; Schema: public; Owner: strapi
--

CREATE INDEX i18n_locale_created_by_id_fk ON public.i18n_locale USING btree (created_by_id);


--
-- Name: i18n_locale_updated_by_id_fk; Type: INDEX; Schema: public; Owner: strapi
--

CREATE INDEX i18n_locale_updated_by_id_fk ON public.i18n_locale USING btree (updated_by_id);


--
-- Name: landing_pages_component_type_index; Type: INDEX; Schema: public; Owner: strapi
--

CREATE INDEX landing_pages_component_type_index ON public.landing_pages_components USING btree (component_type);


--
-- Name: landing_pages_created_by_id_fk; Type: INDEX; Schema: public; Owner: strapi
--

CREATE INDEX landing_pages_created_by_id_fk ON public.landing_pages USING btree (created_by_id);


--
-- Name: landing_pages_entity_fk; Type: INDEX; Schema: public; Owner: strapi
--

CREATE INDEX landing_pages_entity_fk ON public.landing_pages_components USING btree (entity_id);


--
-- Name: landing_pages_field_index; Type: INDEX; Schema: public; Owner: strapi
--

CREATE INDEX landing_pages_field_index ON public.landing_pages_components USING btree (field);


--
-- Name: landing_pages_updated_by_id_fk; Type: INDEX; Schema: public; Owner: strapi
--

CREATE INDEX landing_pages_updated_by_id_fk ON public.landing_pages USING btree (updated_by_id);


--
-- Name: strapi_api_tokens_created_by_id_fk; Type: INDEX; Schema: public; Owner: strapi
--

CREATE INDEX strapi_api_tokens_created_by_id_fk ON public.strapi_api_tokens USING btree (created_by_id);


--
-- Name: strapi_api_tokens_updated_by_id_fk; Type: INDEX; Schema: public; Owner: strapi
--

CREATE INDEX strapi_api_tokens_updated_by_id_fk ON public.strapi_api_tokens USING btree (updated_by_id);


--
-- Name: up_permissions_created_by_id_fk; Type: INDEX; Schema: public; Owner: strapi
--

CREATE INDEX up_permissions_created_by_id_fk ON public.up_permissions USING btree (created_by_id);


--
-- Name: up_permissions_role_links_fk; Type: INDEX; Schema: public; Owner: strapi
--

CREATE INDEX up_permissions_role_links_fk ON public.up_permissions_role_links USING btree (permission_id);


--
-- Name: up_permissions_role_links_inv_fk; Type: INDEX; Schema: public; Owner: strapi
--

CREATE INDEX up_permissions_role_links_inv_fk ON public.up_permissions_role_links USING btree (role_id);


--
-- Name: up_permissions_updated_by_id_fk; Type: INDEX; Schema: public; Owner: strapi
--

CREATE INDEX up_permissions_updated_by_id_fk ON public.up_permissions USING btree (updated_by_id);


--
-- Name: up_roles_created_by_id_fk; Type: INDEX; Schema: public; Owner: strapi
--

CREATE INDEX up_roles_created_by_id_fk ON public.up_roles USING btree (created_by_id);


--
-- Name: up_roles_updated_by_id_fk; Type: INDEX; Schema: public; Owner: strapi
--

CREATE INDEX up_roles_updated_by_id_fk ON public.up_roles USING btree (updated_by_id);


--
-- Name: up_users_created_by_id_fk; Type: INDEX; Schema: public; Owner: strapi
--

CREATE INDEX up_users_created_by_id_fk ON public.up_users USING btree (created_by_id);


--
-- Name: up_users_role_links_fk; Type: INDEX; Schema: public; Owner: strapi
--

CREATE INDEX up_users_role_links_fk ON public.up_users_role_links USING btree (user_id);


--
-- Name: up_users_role_links_inv_fk; Type: INDEX; Schema: public; Owner: strapi
--

CREATE INDEX up_users_role_links_inv_fk ON public.up_users_role_links USING btree (role_id);


--
-- Name: up_users_updated_by_id_fk; Type: INDEX; Schema: public; Owner: strapi
--

CREATE INDEX up_users_updated_by_id_fk ON public.up_users USING btree (updated_by_id);


--
-- Name: admin_permissions admin_permissions_created_by_id_fk; Type: FK CONSTRAINT; Schema: public; Owner: strapi
--

ALTER TABLE ONLY public.admin_permissions
    ADD CONSTRAINT admin_permissions_created_by_id_fk FOREIGN KEY (created_by_id) REFERENCES public.admin_users(id) ON DELETE SET NULL;


--
-- Name: admin_permissions_role_links admin_permissions_role_links_fk; Type: FK CONSTRAINT; Schema: public; Owner: strapi
--

ALTER TABLE ONLY public.admin_permissions_role_links
    ADD CONSTRAINT admin_permissions_role_links_fk FOREIGN KEY (permission_id) REFERENCES public.admin_permissions(id) ON DELETE CASCADE;


--
-- Name: admin_permissions_role_links admin_permissions_role_links_inv_fk; Type: FK CONSTRAINT; Schema: public; Owner: strapi
--

ALTER TABLE ONLY public.admin_permissions_role_links
    ADD CONSTRAINT admin_permissions_role_links_inv_fk FOREIGN KEY (role_id) REFERENCES public.admin_roles(id) ON DELETE CASCADE;


--
-- Name: admin_permissions admin_permissions_updated_by_id_fk; Type: FK CONSTRAINT; Schema: public; Owner: strapi
--

ALTER TABLE ONLY public.admin_permissions
    ADD CONSTRAINT admin_permissions_updated_by_id_fk FOREIGN KEY (updated_by_id) REFERENCES public.admin_users(id) ON DELETE SET NULL;


--
-- Name: admin_roles admin_roles_created_by_id_fk; Type: FK CONSTRAINT; Schema: public; Owner: strapi
--

ALTER TABLE ONLY public.admin_roles
    ADD CONSTRAINT admin_roles_created_by_id_fk FOREIGN KEY (created_by_id) REFERENCES public.admin_users(id) ON DELETE SET NULL;


--
-- Name: admin_roles admin_roles_updated_by_id_fk; Type: FK CONSTRAINT; Schema: public; Owner: strapi
--

ALTER TABLE ONLY public.admin_roles
    ADD CONSTRAINT admin_roles_updated_by_id_fk FOREIGN KEY (updated_by_id) REFERENCES public.admin_users(id) ON DELETE SET NULL;


--
-- Name: admin_users admin_users_created_by_id_fk; Type: FK CONSTRAINT; Schema: public; Owner: strapi
--

ALTER TABLE ONLY public.admin_users
    ADD CONSTRAINT admin_users_created_by_id_fk FOREIGN KEY (created_by_id) REFERENCES public.admin_users(id) ON DELETE SET NULL;


--
-- Name: admin_users_roles_links admin_users_roles_links_fk; Type: FK CONSTRAINT; Schema: public; Owner: strapi
--

ALTER TABLE ONLY public.admin_users_roles_links
    ADD CONSTRAINT admin_users_roles_links_fk FOREIGN KEY (user_id) REFERENCES public.admin_users(id) ON DELETE CASCADE;


--
-- Name: admin_users_roles_links admin_users_roles_links_inv_fk; Type: FK CONSTRAINT; Schema: public; Owner: strapi
--

ALTER TABLE ONLY public.admin_users_roles_links
    ADD CONSTRAINT admin_users_roles_links_inv_fk FOREIGN KEY (role_id) REFERENCES public.admin_roles(id) ON DELETE CASCADE;


--
-- Name: admin_users admin_users_updated_by_id_fk; Type: FK CONSTRAINT; Schema: public; Owner: strapi
--

ALTER TABLE ONLY public.admin_users
    ADD CONSTRAINT admin_users_updated_by_id_fk FOREIGN KEY (updated_by_id) REFERENCES public.admin_users(id) ON DELETE SET NULL;


--
-- Name: components_page_headers_components components_page_headers_entity_fk; Type: FK CONSTRAINT; Schema: public; Owner: strapi
--

ALTER TABLE ONLY public.components_page_headers_components
    ADD CONSTRAINT components_page_headers_entity_fk FOREIGN KEY (entity_id) REFERENCES public.components_page_headers(id) ON DELETE CASCADE;


--
-- Name: components_page_teches_components components_page_teches_entity_fk; Type: FK CONSTRAINT; Schema: public; Owner: strapi
--

ALTER TABLE ONLY public.components_page_teches_components
    ADD CONSTRAINT components_page_teches_entity_fk FOREIGN KEY (entity_id) REFERENCES public.components_page_teches(id) ON DELETE CASCADE;


--
-- Name: files files_created_by_id_fk; Type: FK CONSTRAINT; Schema: public; Owner: strapi
--

ALTER TABLE ONLY public.files
    ADD CONSTRAINT files_created_by_id_fk FOREIGN KEY (created_by_id) REFERENCES public.admin_users(id) ON DELETE SET NULL;


--
-- Name: files_related_morphs files_related_morphs_fk; Type: FK CONSTRAINT; Schema: public; Owner: strapi
--

ALTER TABLE ONLY public.files_related_morphs
    ADD CONSTRAINT files_related_morphs_fk FOREIGN KEY (file_id) REFERENCES public.files(id) ON DELETE CASCADE;


--
-- Name: files files_updated_by_id_fk; Type: FK CONSTRAINT; Schema: public; Owner: strapi
--

ALTER TABLE ONLY public.files
    ADD CONSTRAINT files_updated_by_id_fk FOREIGN KEY (updated_by_id) REFERENCES public.admin_users(id) ON DELETE SET NULL;


--
-- Name: i18n_locale i18n_locale_created_by_id_fk; Type: FK CONSTRAINT; Schema: public; Owner: strapi
--

ALTER TABLE ONLY public.i18n_locale
    ADD CONSTRAINT i18n_locale_created_by_id_fk FOREIGN KEY (created_by_id) REFERENCES public.admin_users(id) ON DELETE SET NULL;


--
-- Name: i18n_locale i18n_locale_updated_by_id_fk; Type: FK CONSTRAINT; Schema: public; Owner: strapi
--

ALTER TABLE ONLY public.i18n_locale
    ADD CONSTRAINT i18n_locale_updated_by_id_fk FOREIGN KEY (updated_by_id) REFERENCES public.admin_users(id) ON DELETE SET NULL;


--
-- Name: landing_pages landing_pages_created_by_id_fk; Type: FK CONSTRAINT; Schema: public; Owner: strapi
--

ALTER TABLE ONLY public.landing_pages
    ADD CONSTRAINT landing_pages_created_by_id_fk FOREIGN KEY (created_by_id) REFERENCES public.admin_users(id) ON DELETE SET NULL;


--
-- Name: landing_pages_components landing_pages_entity_fk; Type: FK CONSTRAINT; Schema: public; Owner: strapi
--

ALTER TABLE ONLY public.landing_pages_components
    ADD CONSTRAINT landing_pages_entity_fk FOREIGN KEY (entity_id) REFERENCES public.landing_pages(id) ON DELETE CASCADE;


--
-- Name: landing_pages landing_pages_updated_by_id_fk; Type: FK CONSTRAINT; Schema: public; Owner: strapi
--

ALTER TABLE ONLY public.landing_pages
    ADD CONSTRAINT landing_pages_updated_by_id_fk FOREIGN KEY (updated_by_id) REFERENCES public.admin_users(id) ON DELETE SET NULL;


--
-- Name: strapi_api_tokens strapi_api_tokens_created_by_id_fk; Type: FK CONSTRAINT; Schema: public; Owner: strapi
--

ALTER TABLE ONLY public.strapi_api_tokens
    ADD CONSTRAINT strapi_api_tokens_created_by_id_fk FOREIGN KEY (created_by_id) REFERENCES public.admin_users(id) ON DELETE SET NULL;


--
-- Name: strapi_api_tokens strapi_api_tokens_updated_by_id_fk; Type: FK CONSTRAINT; Schema: public; Owner: strapi
--

ALTER TABLE ONLY public.strapi_api_tokens
    ADD CONSTRAINT strapi_api_tokens_updated_by_id_fk FOREIGN KEY (updated_by_id) REFERENCES public.admin_users(id) ON DELETE SET NULL;


--
-- Name: up_permissions up_permissions_created_by_id_fk; Type: FK CONSTRAINT; Schema: public; Owner: strapi
--

ALTER TABLE ONLY public.up_permissions
    ADD CONSTRAINT up_permissions_created_by_id_fk FOREIGN KEY (created_by_id) REFERENCES public.admin_users(id) ON DELETE SET NULL;


--
-- Name: up_permissions_role_links up_permissions_role_links_fk; Type: FK CONSTRAINT; Schema: public; Owner: strapi
--

ALTER TABLE ONLY public.up_permissions_role_links
    ADD CONSTRAINT up_permissions_role_links_fk FOREIGN KEY (permission_id) REFERENCES public.up_permissions(id) ON DELETE CASCADE;


--
-- Name: up_permissions_role_links up_permissions_role_links_inv_fk; Type: FK CONSTRAINT; Schema: public; Owner: strapi
--

ALTER TABLE ONLY public.up_permissions_role_links
    ADD CONSTRAINT up_permissions_role_links_inv_fk FOREIGN KEY (role_id) REFERENCES public.up_roles(id) ON DELETE CASCADE;


--
-- Name: up_permissions up_permissions_updated_by_id_fk; Type: FK CONSTRAINT; Schema: public; Owner: strapi
--

ALTER TABLE ONLY public.up_permissions
    ADD CONSTRAINT up_permissions_updated_by_id_fk FOREIGN KEY (updated_by_id) REFERENCES public.admin_users(id) ON DELETE SET NULL;


--
-- Name: up_roles up_roles_created_by_id_fk; Type: FK CONSTRAINT; Schema: public; Owner: strapi
--

ALTER TABLE ONLY public.up_roles
    ADD CONSTRAINT up_roles_created_by_id_fk FOREIGN KEY (created_by_id) REFERENCES public.admin_users(id) ON DELETE SET NULL;


--
-- Name: up_roles up_roles_updated_by_id_fk; Type: FK CONSTRAINT; Schema: public; Owner: strapi
--

ALTER TABLE ONLY public.up_roles
    ADD CONSTRAINT up_roles_updated_by_id_fk FOREIGN KEY (updated_by_id) REFERENCES public.admin_users(id) ON DELETE SET NULL;


--
-- Name: up_users up_users_created_by_id_fk; Type: FK CONSTRAINT; Schema: public; Owner: strapi
--

ALTER TABLE ONLY public.up_users
    ADD CONSTRAINT up_users_created_by_id_fk FOREIGN KEY (created_by_id) REFERENCES public.admin_users(id) ON DELETE SET NULL;


--
-- Name: up_users_role_links up_users_role_links_fk; Type: FK CONSTRAINT; Schema: public; Owner: strapi
--

ALTER TABLE ONLY public.up_users_role_links
    ADD CONSTRAINT up_users_role_links_fk FOREIGN KEY (user_id) REFERENCES public.up_users(id) ON DELETE CASCADE;


--
-- Name: up_users_role_links up_users_role_links_inv_fk; Type: FK CONSTRAINT; Schema: public; Owner: strapi
--

ALTER TABLE ONLY public.up_users_role_links
    ADD CONSTRAINT up_users_role_links_inv_fk FOREIGN KEY (role_id) REFERENCES public.up_roles(id) ON DELETE CASCADE;


--
-- Name: up_users up_users_updated_by_id_fk; Type: FK CONSTRAINT; Schema: public; Owner: strapi
--

ALTER TABLE ONLY public.up_users
    ADD CONSTRAINT up_users_updated_by_id_fk FOREIGN KEY (updated_by_id) REFERENCES public.admin_users(id) ON DELETE SET NULL;


--
-- PostgreSQL database dump complete
--

